Keyword,Position,Previous position,Search Volume,Keyword Difficulty,CPC,URL,Traffic,Traffic (%),Traffic Cost,Competition,Number of Results,Trends,Timestamp,SERP Features by Keyword,Keyword Intents,Position Type
cerca scuole,9,9,170,25,0.00,https://www.cercascuole.it/,4,57.14,0.00,0,41600000,"[39,7,11,26,11,32,48,14,9,7,7,11]",2026-03-18,Related searches,"informational, transactional",Organic
istituto comprensivo f ciusa,4,4,110,18,0.00,https://www.cercascuole.it/Istituto_Comprensivo-F__Ciusa-cod-CAIC881009.php,1,14.28,0.00,0.04,1860,"[21,28,21,34,21,34,100,34,9,34,34,81]",2026-03-01,"Knowledge panel, Sitelinks, Related searches",navigational,Organic
ic longi,10,10,210,20,0.00,https://www.cercascuole.it/Istituto_Comprensivo-Longi-cod-MEIC847009.php,1,14.28,0.00,0,0,"[29,29,44,44,29,23,12,15,54,36,29,15]",2026-03-17,"Knowledge panel, Sitelinks, Video, Related searches",navigational,Organic
istituto comprensivo sud 1 brescia,9,9,170,17,0.00,https://www.cercascuole.it/Istituto_Comprensivo-Ic_Bettinzoli_Sud_1_Brescia-cod-BSIC87600E.php,1,14.28,0.00,0,0,"[4,4,4,4,4,29,29,81,100,81,54,43]",2026-03-09,"Sitelinks, Related searches",navigational,Organic
scuole primarie novara,77,77,90,9,0.00,https://www.cercascuole.it/scuole-a-Novara.php,0,0,0.00,0,1700000,"[53,43,34,28,15,21,15,15,21,34,21,21]",2026-02-16,"Local pack, Sitelinks, Video, Image, People also ask, Related searches",commercial,Organic
galilei napoli,53,53,880,35,0.00,https://www.cercascuole.it/Istituto_Di_Istruzione_Superiore-I_s__Galilei_Napoli-cod-NAIS028001.php,0,0,0.00,0,1750000,"[24,30,41,24,20,16,30,30,36,100,36,24]",2026-02-27,"Knowledge panel, Sitelinks, Video, People also ask, Related searches",navigational,Organic
scuole a pistoia,38,38,170,14,0.00,https://www.cercascuole.it/scuole-a-Pistoia.php,0,0,0.00,0.01,7300000,"[12,12,12,54,36,10,7,10,12,15,15,29]",2026-02-26,"Local pack, Video, Image, People also ask, Related searches",commercial,Organic
scuole elementari ferrara,60,60,90,9,0.00,https://www.cercascuole.it/scuole-a-Ferrara.php,0,0,0.00,0.03,128,"[15,23,19,12,12,9,6,9,15,15,12,9]",2026-03-20,"Local pack, Video, People also ask, Related searches",commercial,Organic
scuole elementari ferrara,82,82,90,9,0.00,https://www.cercascuole.it/scuole-a-Ferrara.php,0,0,0.00,0.03,128,"[15,23,19,12,12,9,6,9,15,15,12,9]",2026-03-20,"Local pack, Video, People also ask, Related searches",commercial,Organic
scuole di vicenza,45,45,90,17,0.00,https://www.cercascuole.it/scuole-a-Vicenza.php,0,0,0.00,0.02,21000000,"[5,6,4,4,5,5,4,5,5,6,4,5]",2026-03-01,"Knowledge panel, Image pack, Video, People also ask, Related searches",informational,Organic
scuole a foggia,23,23,140,12,0.00,https://www.cercascuole.it/scuole-a-Foggia.php,0,0,0.00,0,20100000,"[15,18,23,54,23,23,18,18,28,23,23,28]",2026-02-26,"Local pack, Image, People also ask, Related searches",commercial,Organic
scuole a foggia,36,36,140,12,0.00,https://www.cercascuole.it/scuole-a-Foggia.php,0,0,0.00,0,20100000,"[15,18,23,54,23,23,18,18,28,23,23,28]",2026-02-26,"Local pack, Image, People also ask, Related searches",commercial,Organic
scuole veneto,49,49,260,18,0.00,https://www.cercascuole.it/scuole-in-Veneto.php,0,0,0.00,0,23500000,"[0,0,0,0,0,0,0,1,1,0,0,0]",2026-04-01,"Top stories, Video, Related searches, AI overview",informational,Organic
scuole di modena,61,61,320,19,1.23,https://www.cercascuole.it/scuole-a-Modena.php,0,0,0.00,0.04,0,"[20,16,24,20,20,16,20,20,30,24,20,16]",2026-03-12,"Local pack, Related searches",commercial,Organic
scuole mantova,79,79,170,15,0.00,https://www.cercascuole.it/scuole-a-Mantova.php,0,0,0.00,0.03,3620000,"[23,35,23,35,18,18,28,35,23,66,28,28]",2026-02-20,"Local pack, Video, Image, Related searches",commercial,Organic
scuole elementari parma,66,66,110,13,0.00,https://www.cercascuole.it/scuole-a-Parma.php,0,0,0.00,0,1110000,"[18,18,18,11,15,18,11,11,28,18,28,15]",2026-03-24,"Local pack, Image, Related searches",commercial,Organic
scuole frosinone,74,74,110,17,0.00,https://www.cercascuole.it/scuole-a-Frosinone.php,0,0,0.00,0.03,3580000,"[8,8,10,6,10,5,8,6,13,13,8,6]",2026-03-21,"Local pack, Video, Image, Related searches",commercial,Organic
ic vittorini messina,34,34,140,12,0.00,https://www.cercascuole.it/Istituto_Comprensivo-N_15_Me_Vittorini-cod-MEIC822001.php,0,0,0.00,0,0,"[65,43,34,34,28,21,15,34,100,43,28,28]",2026-03-16,"Knowledge panel, Related searches","informational, transactional",Organic
icgereschi,80,80,90,28,0.00,https://www.cercascuole.it/scuole-a-Pisa.php,0,0,0.00,0,1160,"[2,0,2,3,3,2,1,0,3,2,2,1]",2026-03-30,"Knowledge panel, Sitelinks, Video, Related searches",navigational,Organic
istituto comprensivo xvi settembre civitavecchia,51,51,140,13,0.00,https://www.cercascuole.it/Istituto_Comprensivo-Civitavecchia_-_G__Manzi-cod-RMIC850001.php,0,0,0.00,0,0,"[43,34,43,43,65,34,12,21,65,65,65,53]",2026-03-16,"Knowledge panel, Related searches",navigational,Organic
varalli liceo linguistico,24,24,90,23,0.00,https://www.cercascuole.it/Istituto_Di_Istruzione_Superiore-Claudio_Varalli-cod-MIIS05100C.php,0,0,0.00,0.03,0,"[26,26,26,26,26,42,65,34,65,53,42,19]",2026-03-17,"Knowledge panel, Sitelinks, Video, Related searches",navigational,Organic
scuole di ascoli piceno,55,55,70,21,0.00,https://www.cercascuole.it/scuole-a-Ascoli_Piceno.php,0,0,0.00,0.33,6240000,"[11,64,100,41,52,29,11,11,11,11,82,11]",2026-02-13,"Local pack, Video, Image, People also ask, Related searches",commercial,Organic
scuole salerno,54,54,260,19,0.00,https://www.cercascuole.it/scuole-a-Salerno.php,0,0,0.00,0.01,0,"[45,16,24,20,13,16,16,13,13,20,20,16]",2026-03-18,"Local pack, Video, Image, Related searches",commercial,Organic
scuole superiori a lucca,70,70,170,14,0.00,https://www.cercascuole.it/scuole-a-Lucca.php,0,0,0.00,0.01,4020000,"[53,53,81,65,43,53,53,43,43,53,53,43]",2026-04-06,"Local pack, Image, People also ask, Related searches",commercial,Organic
scuole superiori a lucca,89,89,170,14,0.00,https://www.cercascuole.it/scuole-a-Lucca.php,0,0,0.00,0.01,4020000,"[53,53,81,65,43,53,53,43,43,53,53,43]",2026-04-06,"Local pack, Image, People also ask, Related searches",commercial,Organic
ic catanzaro,90,90,90,29,0.00,https://www.cercascuole.it/scuole-a-Catanzaro.php,0,0,0.00,0,861000,"[6,12,15,12,12,15,12,5,5,15,12,15]",2026-02-10,"Local pack, Sitelinks, Video, Related searches",navigational,Organic
ic catanzaro,92,92,90,29,0.00,https://www.cercascuole.it/scuole-a-Catanzaro.php,0,0,0.00,0,861000,"[6,12,15,12,12,15,12,5,5,15,12,15]",2026-02-10,"Local pack, Sitelinks, Video, Related searches",navigational,Organic
scuole a pordenone,35,35,590,17,0.00,https://www.cercascuole.it/scuole-a-Pordenone.php,0,0,0.00,0,0,"[39,59,59,48,59,100,39,26,39,100,88,72]",2026-03-12,"Local pack, Video, Image, Related searches",commercial,Organic
scuole a piacenza,72,72,140,19,0.00,https://www.cercascuole.it/scuole-a-Piacenza.php,0,0,0.00,0.02,11600000,"[11,18,23,23,23,15,18,18,18,54,35,23]",2026-02-26,"Local pack, Video, Image, People also ask, Related searches",commercial,Organic
scuole elementari ravenna,80,80,90,16,0.00,https://www.cercascuole.it/scuole-a-Ravenna.php,0,0,0.00,0.05,463000,"[34,15,53,43,28,21,15,21,28,21,28,21]",2026-03-29,"Local pack, Video, Image, People also ask, Related searches",commercial,Organic
scuole elementari ravenna,81,81,90,16,0.00,https://www.cercascuole.it/scuole-a-Ravenna.php,0,0,0.00,0.05,463000,"[34,15,53,43,28,21,15,21,28,21,28,21]",2026-03-29,"Local pack, Video, Image, People also ask, Related searches",commercial,Organic
ic manin,33,33,170,15,0.00,https://www.cercascuole.it/Istituto_Comprensivo-Daniele_Manin-cod-RMIC81400T.php,0,0,0.00,0,0,"[44,44,23,23,18,28,18,11,44,35,28,18]",2026-03-16,"Local pack, Sitelinks, Video, Image, Related searches",navigational,Organic
umberto nobile ciampino,31,31,140,19,0.00,https://www.cercascuole.it/Scuola_Secondaria_Di_Ii_Grado-Umberto_Nobile-cod-RMCT725005.php,0,0,0.00,0,14800,"[5,3,3,3,3,4,5,5,13,5,7,4]",2026-03-28,"Knowledge panel, Video, Image, Related searches","informational, transactional",Organic
istituto comprensivo ennio galice civitavecchia,23,23,210,35,0.00,https://www.cercascuole.it/Scuola_Dell_infanzia-Ist__Comprensivo_Ennio_Galice-cod-RMAA8B901C.php,0,0,0.00,0,1720,"[43,81,100,100,65,100,53,9,12,81,100,100]",2026-02-19,"Knowledge panel, Sitelinks, Image, Related searches",navigational,Organic
scuole medie prato,61,61,140,25,0.00,https://www.cercascuole.it/scuole-a-Prato.php,0,0,0.00,0,0,"[43,35,22,14,18,22,35,14,35,22,22,22]",2026-03-17,"Local pack, Image, Related searches",commercial,Organic
scuole di salerno,67,67,260,12,0.00,https://www.cercascuole.it/scuole-a-Salerno.php,0,0,0.00,0.01,14900000,"[81,44,54,44,28,28,28,28,44,100,44,35]",2026-04-03,"Video, Image, Related searches, AI overview",informational,Organic
scuole di lecco,82,82,170,17,0.00,https://www.cercascuole.it/scuole-a-Lecco.php,0,0,0.00,0.03,11100000,"[18,28,23,28,35,23,23,18,35,81,28,23]",2026-02-26,"Local pack, Image, People also ask, Related searches",commercial,Organic
ic bassano romano,36,36,260,13,0.00,https://www.cercascuole.it/Istituto_Comprensivo-Bassano_Romano-cod-VTIC82400E.php,0,0,0.00,0,74500,"[26,32,17,21,17,17,26,32,32,59,32,26]",2026-02-14,"Knowledge panel, Video, Image, Related searches",navigational,Organic
ic bassano romano,48,48,260,13,0.00,https://www.cercascuole.it/Istituto_Comprensivo-Bassano_Romano-cod-VTIC82400E.php,0,0,0.00,0,74500,"[26,32,17,21,17,17,26,32,32,59,32,26]",2026-02-14,"Knowledge panel, Video, Image, Related searches",navigational,Organic
istituto calderini tuccimei,40,40,90,25,0.00,https://www.cercascuole.it/Istituto_Comprensivo-M_calderini-g_tuccimei-cod-RMIC8BX00R.php,0,0,0.00,0,2200,"[23,52,33,33,66,80,42,9,14,52,52,66]",2026-02-19,"Knowledge panel, Image pack, Video, Image, Related searches",navigational,Organic
ic adro,14,14,210,30,0.00,https://www.cercascuole.it/Scuola_Secondaria_Di_Ii_Grado-I__C__Statale_Adro-cod-BSIC835008.php,0,0,0.00,0,257000,"[21,26,21,14,14,14,21,17,26,39,21,21]",2026-02-12,"Knowledge panel, Sitelinks, Video, Related searches",navigational,Organic
scocchera ancona,17,17,210,28,0.00,https://www.cercascuole.it/Istituto_Comprensivo-Ancona_Augusto_Scocchera-cod-ANIC81100G.php,0,0,0.00,0,125,"[44,35,35,35,35,28,8,18,54,66,54,44]",2026-03-27,"Local pack, Sitelinks, Related searches",navigational,Organic
scocchera ancona,18,18,210,28,0.00,https://www.cercascuole.it/Istituto_Comprensivo-Ancona_Augusto_Scocchera-cod-ANIC81100G.php,0,0,0.00,0,125,"[44,35,35,35,35,28,8,18,54,66,54,44]",2026-03-27,"Local pack, Sitelinks, Related searches",navigational,Organic
benevento scuole,84,84,170,18,0.00,https://www.cercascuole.it/scuole-a-Benevento.php,0,0,0.00,0,8960000,"[18,66,23,23,23,15,15,15,18,35,54,23]",2026-02-24,"Local pack, Video, Image, People also ask, Related searches",commercial,Organic
istituto roli trieste,42,42,70,21,0.00,https://www.cercascuole.it/scuole-a-Trieste.php,0,0,0.00,0.33,0,"[15,12,6,5,6,5,12,9,15,2,2,2]",2026-03-13,"Knowledge panel, Sitelinks, Related searches",navigational,Organic
istituto roli trieste,58,58,70,21,0.00,https://www.cercascuole.it/scuole-a-Trieste.php,0,0,0.00,0.33,0,"[15,12,6,5,6,5,12,9,15,2,2,2]",2026-03-13,"Knowledge panel, Sitelinks, Related searches",navigational,Organic
istituto comprensivo baracca vittorio emanuele ii,42,42,170,13,0.00,https://www.cercascuole.it/Istituto_Comprensivo-Na_-_I_c__Baracca-cod-NAIC819002.php,0,0,0.00,0.11,4730,"[28,28,28,28,23,28,82,53,17,66,35,100]",2026-02-23,"Knowledge panel, Video, Image, Related searches",informational,Organic
ic alleghe,14,14,90,29,0.00,https://www.cercascuole.it/Istituto_Comprensivo-Ic_Alleghe-cod-BLIC82700B.php,0,0,0.00,0,20700,"[35,17,17,23,17,12,12,23,66,35,28,17]",2026-03-30,"Knowledge panel, Sitelinks, Related searches",navigational,Organic
scuole di vercelli,57,57,90,24,0.00,https://www.cercascuole.it/scuole-a-Vercelli.php,0,0,0.00,0,7560000,"[7,12,10,10,10,5,5,10,12,15,10,12]",2026-02-26,"Local pack, Video, Image, Related searches",commercial,Organic
scuole elementari vicenza,65,65,70,9,0.00,https://www.cercascuole.it/scuole-a-Vicenza.php,0,0,0.00,0.01,11300000,"[28,21,21,21,15,15,15,21,34,21,28,6]",2026-04-03,"Local pack, Sitelinks, Video, Image, People also ask, Related searches",commercial,Organic
scuole a verona,96,96,320,22,0.00,https://www.cercascuole.it/scuole-a-Verona.php,0,0,0.00,0.05,37800000,"[16,20,36,20,24,16,20,24,36,30,24,20]",2026-03-21,"Local pack, Video, Image, People also ask, Related searches",commercial,Organic
scuole a matera,83,83,90,20,0.00,https://www.cercascuole.it/scuole-a-Matera.php,0,0,0.00,0,8170000,"[52,52,42,33,66,33,33,33,42,52,42,33]",2026-02-10,"Local pack, Video, Image, People also ask, Related searches",commercial,Organic
scuole siena,21,21,110,14,0.00,https://www.cercascuole.it/scuole-a-Siena.php,0,0,0.00,0,60,"[7,48,11,5,14,5,5,5,9,7,7,7]",2026-04-05,"Local pack, Video, Image, Related searches",commercial,Organic
licei ferrara,54,54,90,16,0.00,https://www.cercascuole.it/scuole-a-Ferrara.php,0,0,0.00,0.01,0,"[42,42,33,42,33,23,33,33,52,42,42,33]",2026-03-16,"Local pack, Related searches",commercial,Organic
scuole di rimini,59,59,140,19,0.00,https://www.cercascuole.it/scuole-a-Rimini.php,0,0,0.00,0.01,0,"[8,8,10,6,6,6,8,13,16,8,6,6]",2026-03-15,"Local pack, Video, Image, Related searches",commercial,Organic
scuola per l'europa parma,63,63,590,12,0.00,https://www.cercascuole.it/Istituto_Comprensivo-Scuola_Per_L_Europa-cod-PRIC83700E.php,0,0,0.00,0,0,"[79,79,0,100,0,0,0,66,0,0,0,0]",2026-03-11,"Knowledge panel, Video, Image, Related searches",navigational,Organic
ic anzola emilia,19,19,70,25,0.00,https://www.cercascuole.it/Istituto_Comprensivo-De_Amicis_-_Anzola_Emilia-cod-BOIC81400L.php,0,0,0.00,0,40700,"[7,7,7,7,7,7,53,53,42,100,26,19]",2026-02-11,"Knowledge panel, Sitelinks, Related searches",navigational,Organic
scuole di messina,83,83,210,21,0.00,https://www.cercascuole.it/scuole-a-Messina.php,0,0,0.00,0,30400000,"[54,44,44,23,35,23,28,28,54,35,44,35]",2026-04-03,"Local pack, Video, Image, People also ask, Related searches",commercial,Organic
istituto caravaggio,86,86,70,,0.00,https://www.cercascuole.it/Istituto_Di_Istruzione_Superiore-I_i_s_s__Caravaggio-cod-RMIS08200L.php,0,0,0.00,0.02,0,"[23,23,23,12,17,12,12,17,35,23,17,17]",2026-03-15,"Local pack, Sitelinks, Video, Image, Related searches",navigational,Organic
scuole elementari cagliari,85,85,90,10,0.00,https://www.cercascuole.it/scuole-a-Cagliari.php,0,0,0.00,0.01,2780000,"[26,42,34,26,53,42,15,34,34,42,19,26]",2026-03-01,"Local pack, Image, People also ask, Related searches",commercial,Organic
abruzzo scuole,41,41,90,19,0.00,https://www.cercascuole.it/scuole-in-Abruzzo.php,0,0,0.00,0,15600000,"[1,1,2,1,2,2,1,3,4,5,1,1]",2026-02-27,"Top stories, Video, Image, Video Carousel, People also ask, Related searches, AI overview","commercial, informational",Organic
icovest2 brescia,14,14,110,36,0.00,https://www.cercascuole.it/Istituto_Comprensivo-Ic_Ovest_2_Brescia-cod-BSIC886005.php,0,0,0.00,0,0,"[6,6,9,2,2,2,2,19,44,29,23,19]",2026-03-09,"Knowledge panel, Sitelinks, Related searches",navigational,Organic
scuole a messina,81,81,210,18,0.00,https://www.cercascuole.it/scuole-a-Messina.php,0,0,0.00,0,20400000,"[29,29,29,29,15,23,15,15,19,36,23,29]",2026-02-21,"Knowledge panel, Video, Image, People also ask, Related searches","informational, transactional",Organic
scuole pavia,83,83,170,15,0.00,https://www.cercascuole.it/scuole-a-Pavia.php,0,0,0.00,0.01,0,"[23,23,12,12,12,15,19,15,36,19,15,15]",2026-03-15,"Local pack, Video, Image, Related searches",commercial,Organic
scuole elementari pavia,81,81,90,21,0.00,https://www.cercascuole.it/scuole-a-Pavia.php,0,0,0.00,0,567000,"[17,43,28,28,17,12,12,17,28,17,17,17]",2026-03-31,"Local pack, Video, Image, Related searches",commercial,Organic
scuolaperleuropa,45,45,260,20,0.00,https://www.cercascuole.it/Istituto_Comprensivo-Scuola_Per_L_Europa-cod-PRIC83700E.php,0,0,0.00,0.06,0,"[10,1,1,13,1,8,1,8,6,8,100,55]",2026-03-11,"Knowledge panel, Video, Image, Related searches","navigational, transactional",Organic
istituto comprensivo galice civitavecchia,24,24,260,26,0.00,https://www.cercascuole.it/Scuola_Dell_infanzia-Ist__Comprensivo_Ennio_Galice-cod-RMAA8B901C.php,0,0,0.00,0,2140,"[54,66,66,54,81,54,8,14,43,100,81,54]",2026-03-18,"Knowledge panel, Sitelinks, Image, Related searches",navigational,Organic
istituto comprensivo luca della robbia,10,10,110,15,0.00,https://www.cercascuole.it/Scuola_Secondaria_Di_Ii_Grado-Ic_Luca_Della_Robbia-cod-MCAA825014.php,0,0,0.00,0,138,"[34,28,34,28,28,43,34,21,53,53,43,34]",2026-03-21,"Knowledge panel, Image pack, Sitelinks, Related searches","informational, navigational",Organic
istituto comprensivo zona leda,22,22,480,32,0.00,https://www.cercascuole.it/Scuola_Secondaria_Di_Ii_Grado-I_c__Zona_Leda_Aprilia-cod-LTAA831008.php,0,0,0.00,0,0,"[48,59,59,32,59,39,5,7,48,59,72,39]",2026-03-11,"Knowledge panel, Sitelinks, Video, Related searches",navigational,Organic
de cosmi,40,40,590,39,0.00,https://www.cercascuole.it/Scuola_Secondaria_Di_Ii_Grado-De_Cosmi-cod-PAPM02000N.php,0,0,0.00,0,0,"[25,20,20,13,25,25,16,20,84,37,31,13]",2026-03-08,"Local pack, Sitelinks, Video, Related searches",navigational,Organic
de cosmi,50,50,590,39,0.00,https://www.cercascuole.it/Scuola_Secondaria_Di_Ii_Grado-De_Cosmi-cod-PAPM02000N.php,0,0,0.00,0,0,"[25,20,20,13,25,25,16,20,84,37,31,13]",2026-03-08,"Local pack, Sitelinks, Video, Related searches",navigational,Organic
cercalatuascuola,17,17,170,27,0.00,https://www.cercascuole.it/,0,0,0.00,0.01,605000,"[7,5,3,2,3,2,1,2,2,2,3,7]",2026-02-28,"Image, People also ask, Related searches","informational, transactional",Organic
scuole di livorno,45,45,170,18,0.00,https://www.cercascuole.it/scuole-a-Livorno.php,0,0,0.00,0,12600000,"[15,18,44,44,23,28,23,18,18,44,44,23]",2026-02-26,"Local pack, Image, People also ask, Related searches",commercial,Organic
istituto comprensivo bassano romano,29,29,260,33,0.00,https://www.cercascuole.it/Istituto_Comprensivo-Bassano_Romano-cod-VTIC82400E.php,0,0,0.00,0,16700,"[21,26,21,21,17,17,32,32,32,59,32,26]",2026-02-21,"Knowledge panel, Sitelinks, Video, Image, Related searches",navigational,Organic
scuole vercelli,78,78,90,26,0.00,https://www.cercascuole.it/scuole-a-Vercelli.php,0,0,0.00,0,10100000,"[7,12,10,7,7,5,5,10,12,12,7,7]",2026-02-27,"Local pack, Image, People also ask, Related searches",commercial,Organic
industriale termoli,38,38,170,33,0.00,https://www.cercascuole.it/Scuola_Secondaria_Di_Ii_Grado-I_t__Industriale_-_E__Majorana-cod-CBTF014517.php,0,0,0.00,0,165,"[35,28,28,18,15,15,8,15,44,44,44,28]",2026-03-19,"Sitelinks, Video, Image, People also ask, Related searches",navigational,Organic
pescara scuole,48,48,170,39,0.00,https://www.cercascuole.it/scuole-a-Pescara.php,0,0,0.00,0.04,22200000,"[15,23,36,19,15,12,15,12,23,36,19,12]",2026-03-19,"Local pack, Top stories, Video, Image, People also ask, Related searches",commercial,Organic
scuole elementari alessandria,60,60,70,9,0.00,https://www.cercascuole.it/scuole-a-Alessandria.php,0,0,0.00,0.01,1780000,"[8,14,22,22,14,10,18,10,14,22,10,14]",2026-02-10,"Local pack, Video, Image, People also ask, Related searches",commercial,Organic
zona leda,43,43,480,8,0.00,https://www.cercascuole.it/Scuola_Secondaria_Di_Ii_Grado-I_c__Zona_Leda_Aprilia-cod-LTAA831008.php,0,0,0.00,0,0,"[45,45,36,30,55,36,8,10,45,45,30,24]",2026-03-12,"Knowledge panel, Video, Related searches",navigational,Organic
istituto fratelli cervi,58,58,110,35,0.00,https://www.cercascuole.it/Scuola_Primaria-I_c__Fratelli_Cervi-cod-RMEE856023.php,0,0,0.00,0,0,"[18,29,18,22,29,29,22,10,10,29,35,29]",2026-03-06,"Local pack, Sitelinks, Video, Image, Related searches",navigational,Organic
scuola vicino a me,66,66,2900,42,0.00,https://www.cercascuole.it/,0,0,0.00,0,62700000,"[35,53,53,53,53,53,35,81,100,53,44,35]",2026-04-02,"Local pack, Video, People also ask, Related searches",transactional,Organic
lodi scuole,25,41,170,13,0.00,https://www.cercascuole.it/scuole-a-Lodi.php,0,0,0.00,0.01,70,"[29,43,43,29,29,35,35,35,43,35,22,29]",2026-04-07,"Local pack, Video, Image, People also ask, Related searches",commercial,Organic
ic luca della robbia,8,8,110,24,0.00,https://www.cercascuole.it/Scuola_Secondaria_Di_Ii_Grado-Ic_Luca_Della_Robbia-cod-MCAA825014.php,0,0,0.00,0,0,"[34,34,34,28,21,34,34,21,53,53,43,34]",2026-03-19,"Knowledge panel, Image pack, Sitelinks, Related searches","informational, navigational",Organic
zona leda aprilia,27,27,110,25,0.00,https://www.cercascuole.it/Scuola_Secondaria_Di_Ii_Grado-I_c__Zona_Leda_Aprilia-cod-LTAA831008.php,0,0,0.00,0,0,"[35,35,35,15,18,18,8,8,23,15,18,11]",2026-03-13,"Knowledge panel, Sitelinks, Related searches",navigational,Organic
istituto comprensivo anzola emilia,32,32,70,2,0.00,https://www.cercascuole.it/Istituto_Comprensivo-De_Amicis_-_Anzola_Emilia-cod-BOIC81400L.php,0,0,0.00,0,43300,"[7,7,7,7,7,7,53,53,42,100,26,19]",2026-03-02,"Video, Related searches","informational, navigational",Organic
scuole in piemonte,75,75,210,11,0.00,https://www.cercascuole.it/scuole-in-Piemonte.php,0,0,0.00,0.01,38100000,"[10,8,10,13,10,10,13,36,45,10,10,10]",2026-03-26,"Video, Image, Related searches, AI overview",informational,Organic
i.c. fratelli cervi,42,42,140,,0.00,https://www.cercascuole.it/Scuola_Primaria-I_c__Fratelli_Cervi-cod-RMEE856023.php,0,0,0.00,0,64300,"[2,3,0,0,0,0,0,0,0,25,16,31]",2026-02-07,"Local pack, Sitelinks, Video, Image, Related searches",navigational,Organic
brescia scuole,54,54,320,16,0.93,https://www.cercascuole.it/scuole-a-Brescia.php,0,0,0.00,0.07,0,"[30,24,30,24,24,24,24,24,36,20,30,20]",2026-03-12,"Local pack, Video, Image, Related searches",commercial,Organic
brescia scuole,88,88,320,16,0.93,https://www.cercascuole.it/scuole-a-Brescia.php,0,0,0.00,0.07,0,"[30,24,30,24,24,24,24,24,36,20,30,20]",2026-03-12,"Local pack, Video, Image, Related searches",commercial,Organic
ic anoia,43,43,70,27,0.00,https://www.cercascuole.it/Istituto_Comprensivo-Anoia-maropati-giffone-cod-RCIC82300D.php,0,0,0.00,0.33,41900,"[14,78,78,14,14,100,100,14,14,14,100,100]",2026-02-11,"Local pack, Sitelinks, Video, People also ask, Related searches, Short videos","commercial, navigational",Organic
istituto comprensivo ala,13,13,90,20,0.00,https://www.cercascuole.it/Istituto_Comprensivo-Ala_Bresciani-cod-TNIC84800Q.php,0,0,0.00,0,0,"[10,4,4,4,22,22,18,66,22,4,4,29]",2026-03-15,"Knowledge panel, Sitelinks, Related searches",navigational,Organic
prato scuole,79,79,260,28,0.00,https://www.cercascuole.it/scuole-a-Prato.php,0,0,0.00,0.02,27200000,"[13,11,20,8,11,13,7,11,16,16,25,8]",2026-03-24,"Local pack, Video, Image, People also ask, Related searches",commercial,Organic
scuole elementari prato,71,71,70,12,0.00,https://www.cercascuole.it/scuole-a-Prato.php,0,0,0.00,0,0,"[34,28,34,12,28,15,28,21,28,21,21,21]",2026-03-09,"Local pack, Video, Image, Related searches",commercial,Organic
ic cantù 2,30,30,590,10,0.00,https://www.cercascuole.it/Scuola_Primaria-I_c__Cantu_2-cod-COEE838047.php,0,0,0.00,0,125,"[16,20,13,20,16,24,16,10,5,36,24,20]",2026-03-04,"Knowledge panel, Video, People also ask, Related searches",navigational,Organic
scuole di cuneo,67,67,110,13,0.00,https://www.cercascuole.it/scuole-a-Cuneo.php,0,0,0.00,0,4280000,"[23,15,15,15,12,12,9,15,29,15,15,12]",2026-03-29,"Local pack, Video, Image, Related searches",commercial,Organic
ic galice civitavecchia,27,27,260,32,0.00,https://www.cercascuole.it/Scuola_Dell_infanzia-Ist__Comprensivo_Ennio_Galice-cod-RMAA8B901C.php,0,0,0.00,0,0,"[66,66,54,43,66,54,8,14,81,100,66,54]",2026-03-17,"Knowledge panel, Sitelinks, Related searches",navigational,Organic
ic montano,64,36,260,23,0.00,https://www.cercascuole.it/Istituto_Comprensivo-Rocco_Montano-cod-MTIC81100R.php,0,0,0.00,0.02,348000,"[44,35,44,44,44,44,35,35,81,44,28,28]",2026-04-06,"Knowledge panel, Sitelinks, Video, Related searches",navigational,Organic
scuole mantegna treviso,31,31,110,14,0.00,https://www.cercascuole.it/scuole-a-Treviso.php,0,0,0.00,0.01,0,"[42,34,53,53,53,19,34,19,26,53,65,65]",2026-02-28,"Knowledge panel, Sitelinks, Video, Image, Related searches",informational,Organic
istituto comprensivo anzola,20,20,70,25,0.00,https://www.cercascuole.it/Istituto_Comprensivo-De_Amicis_-_Anzola_Emilia-cod-BOIC81400L.php,0,0,0.00,0.33,119000,"[12,7,7,5,5,3,4,2,12,15,15,2]",2026-03-20,"Local pack, Sitelinks, Video, Image, Related searches",navigational,Organic
ferrara scuole,79,79,260,17,0.00,https://www.cercascuole.it/scuole-a-Ferrara.php,0,0,0.00,0.02,29100000,"[81,29,44,44,23,36,36,44,29,23,29,23]",2026-03-19,"Local pack, Top stories, Video, Image, People also ask, Related searches",commercial,Organic
scuole savona,67,67,70,14,0.00,https://www.cercascuole.it/scuole-a-Savona.php,0,0,0.00,0,11300000,"[10,29,14,18,10,10,8,10,18,22,18,14]",2026-02-25,"Local pack, Top stories, Image, People also ask, Related searches",commercial,Organic
scuole foggia,80,80,140,21,0.00,https://www.cercascuole.it/scuole-a-Foggia.php,0,0,0.00,0,7850000,"[11,11,26,11,11,11,14,17,17,17,14,11]",2026-03-20,"Local pack, Video, Image, People also ask, Related searches",commercial,Organic
istituto comprensivo longi,11,11,260,25,0.00,https://www.cercascuole.it/Istituto_Comprensivo-Longi-cod-MEIC847009.php,0,0,0.00,0,5540,"[20,20,24,20,24,20,8,6,36,16,20,10]",2026-03-27,"Knowledge panel, Sitelinks, Video, People also ask, Related searches",navigational,Organic
istituto comprensivo scocchera,12,12,210,27,0.00,https://www.cercascuole.it/Istituto_Comprensivo-Ancona_Augusto_Scocchera-cod-ANIC81100G.php,0,0,0.00,0,3100,"[43,43,54,54,54,29,8,14,43,43,43,43]",2026-04-03,"Local pack, Sitelinks, Related searches",navigational,Organic
icalbavilla,9,9,90,31,0.00,https://www.cercascuole.it/Scuola_Secondaria_Di_Ii_Grado-I_c__Albavilla-cod-COEE816017.php,0,0,0.00,0.01,1500,"[43,23,17,10,17,28,0,0,28,43,43,17]",2026-03-30,"Knowledge panel, Sitelinks, People also ask, Related searches",navigational,Organic
scuole campobasso,54,54,110,21,0.00,https://www.cercascuole.it/scuole-a-Campobasso.php,0,0,0.00,0,138,"[81,15,11,11,11,8,11,11,18,15,11,11]",2026-03-22,"Local pack, Video, Image, Related searches",commercial,Organic
ravenna scuole,88,88,140,20,0.00,https://www.cercascuole.it/scuole-a-Ravenna.php,0,0,0.00,0.04,15800000,"[11,14,9,39,14,11,9,9,14,26,17,11]",2026-03-01,"Local pack, Video, Image, People also ask, Related searches",commercial,Organic
bologna scuole,63,63,480,34,1.16,https://www.cercascuole.it/scuole-a-Bologna.php,0,0,0.00,0.05,0,"[13,10,22,10,8,7,7,8,13,10,7,4]",2026-03-07,"Local pack, Video, Image, Related searches",commercial,Organic
ic giovanni paolo ii roma,46,46,110,22,0.00,https://www.cercascuole.it/Istituto_Comprensivo-Giovanni_Paolo_Ii-cod-RMIC8BE008.php,0,0,0.00,0.02,968000,"[28,34,34,28,34,28,21,21,65,53,34,21]",2026-03-25,"Knowledge panel, Sitelinks, People also ask, Related searches",navigational,Organic
scuole pisa,51,51,170,20,0.00,https://www.cercascuole.it/scuole-a-Pisa.php,0,0,0.00,0.03,10400000,"[11,11,39,7,11,9,9,11,14,32,17,11]",2026-04-05,"Local pack, Video, Image, Related searches",commercial,Organic
istituto meucci carpi,17,17,140,35,0.00,https://www.cercascuole.it/Istituto_Di_Istruzione_Superiore-Antonio_Meucci-cod-MOIS003008.php,0,0,0.00,0,0,"[43,34,21,34,28,34,81,43,100,53,53,34]",2026-03-15,"Knowledge panel, Sitelinks, Image, Related searches",navigational,Organic
scuole palermo,84,84,320,25,0.00,https://www.cercascuole.it/scuole-a-Palermo.php,0,0,0.00,0,0,"[4,2,2,1,1,1,2,1,2,2,2,1]",2026-03-18,"Local pack, Image pack, Video, Image, Related searches",commercial,Organic
scuole crotone,93,93,90,21,0.00,https://www.cercascuole.it/scuole-a-Crotone.php,0,0,0.00,0,2110000,"[15,15,9,15,9,6,6,9,19,23,19,9]",2026-03-20,"Local pack, Top stories, Video, Image, People also ask, Related searches",commercial,Organic
istituto comprensivo calderini tuccimei,41,41,90,26,0.00,https://www.cercascuole.it/Istituto_Comprensivo-M_calderini-g_tuccimei-cod-RMIC8BX00R.php,0,0,0.00,0.01,1920,"[11,11,11,64,82,82,52,41,23,82,82,100]",2026-03-04,"Knowledge panel, Image pack, Video, Image, Related searches",navigational,Organic
scuole superiori ferrara,88,88,320,19,1.08,https://www.cercascuole.it/scuole-a-Ferrara.php,0,0,0.00,0.05,123,"[66,66,54,44,28,44,44,35,66,66,81,35]",2026-03-28,"Local pack, Image, People also ask, Related searches",commercial,Organic
ic lucio,26,26,110,22,0.00,https://www.cercascuole.it/Istituto_Comprensivo-Ist__Compr__Giovanni_Lucio-cod-TSIC804009.php,0,0,0.00,0,2430000,"[34,21,21,28,28,28,15,21,81,53,34,21]",2026-03-26,"Knowledge panel, Sitelinks, Video, Related searches",navigational,Organic
ovest 2,59,59,70,9,0.00,https://www.cercascuole.it/Istituto_Comprensivo-Ic_Ovest_2_Brescia-cod-BSIC886005.php,0,0,0.00,0,0,"[52,52,41,29,64,52,17,41,29,52,64,41]",2026-03-14,"Knowledge panel, Video, Image, Related searches",navigational,Organic
ic galice,36,36,590,10,0.00,https://www.cercascuole.it/Scuola_Dell_infanzia-Ist__Comprensivo_Ennio_Galice-cod-RMAA8B901C.php,0,0,0.00,0,0,"[55,36,45,6,55,30,5,10,76,67,76,55]",2026-03-09,"Knowledge panel, Sitelinks, Image, Related searches",navigational,Organic
podesti ancona,34,34,880,28,0.00,https://www.cercascuole.it/Scuola_Secondaria_Di_Ii_Grado-I_i_s__Podesti_-_Calzecchi_Onesti-cod-ANRI01351C.php,0,0,0.00,0,204000,"[13,16,10,16,13,13,13,13,10,43,43,22]",2026-02-21,"Knowledge panel, Sitelinks, Video, Related searches",navigational,Organic
podesti ancona,42,42,880,28,0.00,https://www.cercascuole.it/Scuola_Secondaria_Di_Ii_Grado-I_i_s__Podesti_-_Calzecchi_Onesti-cod-ANRI01351C.php,0,0,0.00,0,204000,"[13,16,10,16,13,13,13,13,10,43,43,22]",2026-02-21,"Knowledge panel, Sitelinks, Video, Related searches",navigational,Organic
scuole a padova,70,70,320,18,0.00,https://www.cercascuole.it/scuole-a-Padova.php,0,0,0.00,0.02,52600000,"[32,32,39,32,39,32,26,39,39,32,26,21]",2026-03-25,"Local pack, Image, Related searches",commercial,Organic
ic fratelli cervi roma,20,20,170,29,0.00,https://www.cercascuole.it/Istituto_Comprensivo-I_c__Fratelli_Cervi-cod-RMIC85600X.php,0,0,0.00,0,0,"[34,53,34,34,65,53,34,43,100,81,100,65]",2026-03-15,"Knowledge panel, Sitelinks, Related searches",navigational,Organic
scuole di agrigento,69,69,90,20,0.00,https://www.cercascuole.it/scuole-a-Agrigento.php,0,0,0.00,0,9260000,"[29,41,82,52,82,41,29,64,52,64,64,41]",2026-03-01,"Local pack, Video, Image, Related searches",commercial,Organic
scuole elementari varese,82,82,70,12,0.00,https://www.cercascuole.it/scuole-a-Varese.php,0,0,0.00,0.33,2600000,"[17,17,12,10,17,12,12,5,28,5,35,5]",2026-04-04,"Local pack, Image, Related searches",commercial,Organic
scuole brindisi,77,77,90,22,0.00,https://www.cercascuole.it/scuole-a-Brindisi.php,0,0,0.00,0.02,3360000,"[22,22,14,18,18,14,22,14,18,22,29,22]",2026-02-27,"Local pack, Video, Image, People also ask, Related searches",commercial,Organic
scuole brindisi,83,83,90,22,0.00,https://www.cercascuole.it/scuole-a-Brindisi.php,0,0,0.00,0.02,3360000,"[22,22,14,18,18,14,22,14,18,22,29,22]",2026-02-27,"Local pack, Video, Image, People also ask, Related searches",commercial,Organic
scuole elementari treviso,91,91,90,14,0.00,https://www.cercascuole.it/scuole-a-Treviso.php,0,0,0.00,0.02,5480000,"[12,28,23,28,35,12,17,12,17,23,17,23]",2026-03-01,"Local pack, Sitelinks, Image, People also ask, Related searches",commercial,Organic
rmis08200l,18,18,110,18,0.00,https://www.cercascuole.it/Istituto_Di_Istruzione_Superiore-I_i_s_s__Caravaggio-cod-RMIS08200L.php,0,0,0.00,0.01,2000,"[3,2,2,13,3,6,3,30,10,13,2,2]",2026-03-01,"Sitelinks, People also ask, Related searches",navigational,Organic
ic padre pino puglisi palermo,19,19,70,25,0.00,https://www.cercascuole.it/Scuola_Primaria-I_c__Padre_Pino_Puglisi-cod-PAEE87203X.php,0,0,0.00,0.03,5640,"[26,34,34,26,53,26,7,7,26,26,7,7]",2026-03-22,"Knowledge panel, Sitelinks, Video, Image, Related searches",navigational,Organic
i.c. staglieno,21,21,170,27,0.00,https://www.cercascuole.it/Istituto_Comprensivo-I_c__Staglieno-cod-GEIC824006.php,0,0,0.00,0,10400,"[20,0,0,0,0,0,0,0,62,20,13,10]",2026-03-21,"Knowledge panel, Sitelinks, People also ask, Related searches",navigational,Organic
icgalice,3,3,70,11,0.00,https://www.cercascuole.it/Scuola_Secondaria_Di_I_Grado-Ist__Comprensivo_Ennio_Galice-cod-RMMM8B901L.php,0,0,0.00,0,4,"[6,11,8,100,11,11,0,0,6,8,0,0]",2026-03-30,"Image pack, Sitelinks, People also ask, Related searches",navigational,Organic
icgalice,4,4,70,11,0.00,https://www.cercascuole.it/Scuola_Dell_infanzia-Ist__Comprensivo_Ennio_Galice-cod-RMAA8B901C.php,0,0,0.00,0,4,"[6,11,8,100,11,11,0,0,6,8,0,0]",2026-03-30,"Image pack, Sitelinks, People also ask, Related searches",navigational,Organic
istituto comprensivo daniele manin roma,27,27,170,14,0.00,https://www.cercascuole.it/Istituto_Comprensivo-Daniele_Manin-cod-RMIC81400T.php,0,0,0.00,0,12400,"[15,23,23,19,19,15,15,29,15,36,23,19]",2026-02-27,"Local pack, Video, Image, Related searches",commercial,Organic
scuole a bari,53,53,320,22,0.00,https://www.cercascuole.it/scuole-a-Bari.php,0,0,0.00,0.01,51000000,"[13,20,20,45,24,16,24,20,24,36,24,24]",2026-02-22,"Local pack, Video, Image, People also ask, Related searches",commercial,Organic
scuole a bari,66,66,320,22,0.00,https://www.cercascuole.it/scuole-a-Bari.php,0,0,0.00,0.01,51000000,"[13,20,20,45,24,16,24,20,24,36,24,24]",2026-02-22,"Local pack, Video, Image, People also ask, Related searches",commercial,Organic
scuole agrigento,59,59,90,17,0.00,https://www.cercascuole.it/scuole-a-Agrigento.php,0,0,0.00,0,2430000,"[5,7,11,9,11,7,5,11,9,9,9,7]",2026-03-01,"Local pack, Video, Image, People also ask, Related searches",commercial,Organic
scuole agrigento,66,66,90,17,0.00,https://www.cercascuole.it/scuole-a-Agrigento.php,0,0,0.00,0,2430000,"[5,7,11,9,11,7,5,11,9,9,9,7]",2026-03-01,"Local pack, Video, Image, People also ask, Related searches",commercial,Organic
istituto comprensivo galice,44,44,720,30,0.00,https://www.cercascuole.it/Scuola_Dell_infanzia-Ist__Comprensivo_Ennio_Galice-cod-RMAA8B901C.php,0,0,0.00,0,2660,"[45,55,67,67,55,76,45,5,13,76,76,100]",2026-02-25,"Knowledge panel, Sitelinks, Video, Image, Related searches",navigational,Organic
vicenza scuole,62,62,90,22,0.00,https://www.cercascuole.it/scuole-a-Vicenza.php,0,0,0.00,0.01,124,"[4,3,3,4,4,3,4,4,7,5,5,3]",2026-03-22,"Knowledge panel, Image pack, Video, Image, People also ask, Related searches",informational,Organic
scuole medie pisa,69,69,110,12,0.00,https://www.cercascuole.it/scuole-a-Pisa.php,0,0,0.00,0.01,1250000,"[22,22,14,14,14,18,14,14,29,81,35,22]",2026-04-06,"Local pack, Image, Related searches",commercial,Organic
pistoia scuole,49,49,170,16,0.00,https://www.cercascuole.it/scuole-a-Pistoia.php,0,0,0.00,0.01,10500000,"[12,12,54,36,12,7,10,12,15,15,36,7]",2026-04-03,"Local pack, Video, Image, Related searches",commercial,Organic
istituto comprensivo civitavecchia,67,67,90,31,0.00,https://www.cercascuole.it/Scuola_Dell_infanzia-Ist__Comprensivo_Ennio_Galice-cod-RMAA8B901C.php,0,0,0.00,0,64700,"[33,52,52,52,52,42,33,19,23,66,66,66]",2026-02-24,"Knowledge panel, Sitelinks, Image, People also ask, Related searches",navigational,Organic
istituto comprensivo civitavecchia,69,69,90,31,0.00,https://www.cercascuole.it/Scuola_Dell_infanzia-Ist__Comprensivo_Ennio_Galice-cod-RMAA8B901C.php,0,0,0.00,0,64700,"[33,52,52,52,52,42,33,19,23,66,66,66]",2026-02-24,"Knowledge panel, Sitelinks, Image, People also ask, Related searches",navigational,Organic
scuole elementari pistoia,60,60,70,8,0.00,https://www.cercascuole.it/scuole-a-Pistoia.php,0,0,0.00,0.33,0,"[33,80,23,19,14,23,9,14,52,66,66,9]",2026-03-15,"Local pack, Video, Image, Related searches",commercial,Organic
scuole a vicenza,71,71,90,14,0.00,https://www.cercascuole.it/scuole-a-Vicenza.php,0,0,0.00,0.02,22900000,"[4,4,3,3,4,4,3,4,4,7,4,4]",2026-02-15,"Video, Image, People also ask, Related searches, See results about, AI overview","commercial, informational",Organic
scuolaperleuropa parma,49,49,480,19,0.00,https://www.cercascuole.it/Istituto_Comprensivo-Scuola_Per_L_Europa-cod-PRIC83700E.php,0,0,0.00,0,0,"[48,39,39,48,39,48,39,32,59,39,59,39]",2026-03-07,"Knowledge panel, Video, Image, Related searches","navigational, transactional",Organic
scuolaperleuropa parma,88,88,480,19,0.00,https://www.cercascuole.it/Istituto_Comprensivo-Scuola_Per_L_Europa-cod-PRIC83700E.php,0,0,0.00,0,0,"[48,39,39,48,39,48,39,32,59,39,59,39]",2026-03-07,"Knowledge panel, Video, Image, Related searches","navigational, transactional",Organic
ipsia don magnani,23,23,110,14,0.00,https://www.cercascuole.it/Don_Magnani-Sassuolo-cod-MORI040507.php,0,0,0.00,0.04,3530,"[52,64,52,64,41,52,64,52,41,82,100,82]",2026-02-23,"Knowledge panel, Video, People also ask, Related searches",informational,Organic
ipsia don magnani,30,30,110,14,0.00,https://www.cercascuole.it/Don_Magnani-Sassuolo-cod-MORI040507.php,0,0,0.00,0.04,3530,"[52,64,52,64,41,52,64,52,41,82,100,82]",2026-02-23,"Knowledge panel, Video, People also ask, Related searches",informational,Organic
scuole di grosseto,73,73,110,16,0.00,https://www.cercascuole.it/scuole-a-Grosseto.php,0,0,0.00,0.02,10600000,"[53,35,28,23,28,23,23,28,35,28,43,23]",2026-04-06,"Local pack, Video, Image, People also ask, Related searches",commercial,Organic
istituto comprensivo giovanni paolo ii roma,53,53,110,22,0.00,https://www.cercascuole.it/Istituto_Comprensivo-Giovanni_Paolo_Ii-cod-RMIC8BE008.php,0,0,0.00,0.01,431000,"[28,21,34,34,28,34,28,21,21,65,53,34]",2026-03-04,"Knowledge panel, Related searches",navigational,Organic
scuole a salerno,76,76,260,20,0.00,https://www.cercascuole.it/scuole-a-Salerno.php,0,0,0.00,0.01,38900000,"[81,44,66,54,28,35,35,28,44,54,66,35]",2026-03-29,"Local pack, Video, Image, Related searches",commercial,Organic
scuole favignana,43,43,90,22,0.00,https://www.cercascuole.it/Antonino_Rallo-Loc__Favignana-cod-TPIC80500C.php,0,0,0.00,0,360000,"[21,15,15,28,21,21,53,65,43,15,9,6]",2026-03-23,"Local pack, Image, Related searches",commercial,Organic
savona scuole,35,35,70,14,0.00,https://www.cercascuole.it/scuole-a-Savona.php,0,0,0.00,0,8250000,"[3,8,5,6,3,3,3,3,6,8,5,5]",2026-02-26,"Local pack, Video, Image, People also ask, Related searches",commercial,Organic
scuole cosenza,48,48,110,20,0.00,https://www.cercascuole.it/scuole-a-Cosenza.php,0,0,0.00,0.01,0,"[16,8,10,5,6,8,5,5,16,16,8,5]",2026-03-13,"Local pack, Video, Related searches",commercial,Organic
i.p.s.i.a. antonio parma,26,26,70,25,0.00,https://www.cercascuole.it/I_p_s_i_a__Antonio_Parma_-_Saronno-Saronno-cod-VARI040511.php,0,0,0.00,0.01,0,"[28,0,0,0,0,0,0,0,66,28,35,23]",2026-03-15,"Knowledge panel, Sitelinks, Video, Related searches",navigational,Organic
istituto comprensivo roccalumera,18,18,210,26,0.00,https://www.cercascuole.it/Istituto_Comprensivo-Roccalumera-cod-MEIC850005.php,0,0,0.00,0,6050,"[19,15,23,15,19,19,15,23,44,23,29,19]",2026-03-27,"Knowledge panel, Sitelinks, Image, Related searches",navigational,Organic
i.c lucio,31,31,70,26,0.00,https://www.cercascuole.it/Istituto_Comprensivo-Ist__Compr__Giovanni_Lucio-cod-TSIC804009.php,0,0,0.00,0,2310000,"[34,34,0,0,0,0,0,0,0,81,65,43]",2026-02-22,"Knowledge panel, Sitelinks, Video, Related searches",navigational,Organic
iiss caravaggio roma,34,34,110,33,0.00,https://www.cercascuole.it/Istituto_Di_Istruzione_Superiore-I_i_s_s__Caravaggio-cod-RMIS08200L.php,0,0,0.00,0,5200,"[23,23,12,17,23,23,53,35,53,23,28,12]",2026-03-21,"Local pack, Sitelinks, Video, Image, Related searches",navigational,Organic
scuole modena,94,94,260,20,1.23,https://www.cercascuole.it/scuole-a-Modena.php,0,0,0.00,0.04,0,"[13,13,13,13,10,10,10,8,20,10,10,8]",2026-03-10,"Local pack, Video, Image, Related searches",commercial,Organic
ic calderini tuccimei,23,23,260,28,0.00,https://www.cercascuole.it/Istituto_Comprensivo-M_calderini-g_tuccimei-cod-RMIC8BX00R.php,0,0,0.00,0,0,"[24,24,20,16,30,16,8,6,30,36,30,16]",2026-03-18,"Knowledge panel, Image pack, Sitelinks, Video, Image, Related searches","informational, navigational",Organic
ic daniele manin roma,27,27,170,15,0.00,https://www.cercascuole.it/Istituto_Comprensivo-Daniele_Manin-cod-RMIC81400T.php,0,0,0.00,0,0,"[23,29,23,19,12,15,36,15,54,23,23,9]",2026-03-14,"Local pack, Video, Image, Related searches",navigational,Organic
ic daniele manin roma,32,32,170,15,0.00,https://www.cercascuole.it/Istituto_Comprensivo-Daniele_Manin-cod-RMIC81400T.php,0,0,0.00,0,0,"[23,29,23,19,12,15,36,15,54,23,23,9]",2026-03-14,"Local pack, Video, Image, Related searches",navigational,Organic
ic fratelli cervi,40,40,720,17,0.00,https://www.cercascuole.it/Scuola_Primaria-I_c__Fratelli_Cervi-cod-RMEE856023.php,0,0,0.00,0,0,"[24,24,20,20,36,30,20,16,54,54,54,36]",2026-03-09,"Local pack, Image, Related searches",navigational,Organic
scuole elementari pescara,68,68,90,11,0.00,https://www.cercascuole.it/scuole-a-Pescara.php,0,0,0.00,0.01,2470000,"[100,21,28,15,28,15,9,15,34,21,21,21]",2026-04-04,"Local pack, Video, Image, People also ask, Related searches",commercial,Organic
scuole elementari pescara,72,72,90,11,0.00,https://www.cercascuole.it/scuole-a-Pescara.php,0,0,0.00,0.01,2470000,"[100,21,28,15,28,15,9,15,34,21,21,21]",2026-04-04,"Local pack, Video, Image, People also ask, Related searches",commercial,Organic
ics padre pino puglisi,40,40,260,25,0.00,https://www.cercascuole.it/Scuola_Primaria-I_c__Padre_Pino_Puglisi-cod-PAEE87203X.php,0,0,0.00,0,5260,"[32,39,26,17,21,32,21,7,7,48,26,39]",2026-02-12,"Local pack, Sitelinks, Video, Related searches",navigational,Organic
scuole lecce,71,71,140,14,0.00,https://www.cercascuole.it/scuole-a-Lecce.php,0,0,0.00,0,12500000,"[23,23,23,19,12,15,15,23,29,19,15,12]",2026-03-25,"Local pack, Image, People also ask, Related searches",commercial,Organic
scuole lecce,87,87,140,14,0.00,https://www.cercascuole.it/scuole-a-Lecce.php,0,0,0.00,0,12500000,"[23,23,23,19,12,15,15,23,29,19,15,12]",2026-03-25,"Local pack, Image, People also ask, Related searches",commercial,Organic
scuole in sardegna,84,84,90,22,0.00,https://www.cercascuole.it/scuole-in-Sardegna.php,0,0,0.00,0.01,39300000,"[18,14,10,14,14,14,22,54,43,10,14,10]",2026-03-28,"Local pack, Video, Image, Related searches",informational,Organic
ic manin roma,17,17,170,22,0.00,https://www.cercascuole.it/Istituto_Comprensivo-Daniele_Manin-cod-RMIC81400T.php,0,0,0.00,0,0,"[35,35,28,28,35,23,18,11,35,44,35,23]",2026-03-18,"Local pack, Sitelinks, Video, Related searches",navigational,Organic
ic manin roma,20,20,170,22,0.00,https://www.cercascuole.it/Istituto_Comprensivo-Daniele_Manin-cod-RMIC81400T.php,0,0,0.00,0,0,"[35,35,28,28,35,23,18,11,35,44,35,23]",2026-03-18,"Local pack, Sitelinks, Video, Related searches",navigational,Organic
varalli milano,30,30,590,28,1.45,https://www.cercascuole.it/Istituto_Di_Istruzione_Superiore-Claudio_Varalli-cod-MIIS05100C.php,0,0,0.00,0.01,54600,"[31,37,31,25,20,31,31,37,20,46,37,37]",2026-03-01,"Knowledge panel, Sitelinks, Image, People also ask, Related searches",navigational,Organic
scuole elementari palermo,83,83,260,23,0.00,https://www.cercascuole.it/scuole-a-Palermo.php,0,0,0.00,0,5580000,"[17,26,21,59,26,17,11,17,17,26,17,17]",2026-02-23,"Local pack, Image, People also ask, Related searches",commercial,Organic
scuole elementari palermo,91,91,260,23,0.00,https://www.cercascuole.it/scuole-a-Palermo.php,0,0,0.00,0,5580000,"[17,26,21,59,26,17,11,17,17,26,17,17]",2026-02-23,"Local pack, Image, People also ask, Related searches",commercial,Organic
scuole di mantova,59,59,170,23,0.00,https://www.cercascuole.it/scuole-a-Mantova.php,0,0,0.00,0.02,17400000,"[29,23,29,15,15,19,23,19,29,19,19,19]",2026-03-25,"Local pack, Video, Image, People also ask, Related searches",commercial,Organic
scuole medie a palermo,71,71,320,28,0.00,https://www.cercascuole.it/scuole-a-Palermo.php,0,0,0.00,0,0,"[36,36,81,36,23,29,67,19,44,36,36,23]",2026-03-10,"Local pack, Image, Related searches",commercial,Organic
scuole cremona,80,80,170,23,0.00,https://www.cercascuole.it/scuole-a-Cremona.php,0,0,0.00,0.01,3300000,"[5,7,8,11,8,5,5,8,7,13,8,8]",2026-02-16,"Local pack, Video, Image, People also ask, Related searches",commercial,Organic
scuole alessandria,67,67,170,22,0.00,https://www.cercascuole.it/scuole-a-Alessandria.php,0,0,0.00,0.03,3240000,"[15,23,19,29,44,19,15,19,23,44,23,19]",2026-02-28,"Local pack, Video, Image, Related searches",commercial,Organic
scuole a ferrara,58,58,260,18,0.00,https://www.cercascuole.it/scuole-a-Ferrara.php,0,0,0.00,0.02,30600000,"[100,35,44,44,28,44,44,54,35,28,44,28]",2026-03-21,"Local pack, Video, Image, People also ask, Related searches",commercial,Organic
ancona scuole,46,46,90,17,0.00,https://www.cercascuole.it/scuole-a-Ancona.php,0,0,0.00,0.01,13400000,"[9,11,7,11,7,14,9,9,9,14,9,9]",2026-02-07,"Local pack, Image, People also ask, Related searches",commercial,Organic
scuole a catania,90,90,320,21,0.00,https://www.cercascuole.it/scuole-a-Catania.php,0,0,0.00,0.01,0,"[36,24,36,36,36,16,20,16,16,20,24,16]",2026-03-18,"Local pack, Top stories, Video, Image, Video Carousel, Related searches",commercial,Organic
cuneo scuole,33,33,110,19,0.00,https://www.cercascuole.it/scuole-a-Cuneo.php,0,0,0.00,0.01,9950000,"[12,19,15,15,12,10,12,12,15,23,12,7]",2026-02-27,"Local pack, Video, Image, People also ask, Related searches",commercial,Organic
scuole caltanissetta,47,47,90,19,0.00,https://www.cercascuole.it/scuole-a-Caltanissetta.php,0,0,0.00,0,1820000,"[10,7,12,7,10,7,5,7,15,7,10,7]",2026-03-28,"Local pack, Image, People also ask, Related searches",commercial,Organic
rimini scuole,89,89,170,16,0.00,https://www.cercascuole.it/scuole-a-Rimini.php,0,0,0.00,0.02,5640000,"[8,10,13,13,10,10,10,13,16,20,8,10]",2026-02-21,"Local pack, Image, People also ask, Related searches",commercial,Organic
livia battisti,69,69,110,20,0.00,https://www.cercascuole.it/Scuola_Secondaria_Di_Ii_Grado-Livia_Battisti_-_Trento-cod-TNRC01050R.php,0,0,0.00,0,0,"[28,23,23,17,12,17,17,82,23,12,28,43]",2026-03-02,"Knowledge panel, Video, Image, Related searches",informational,Organic
ic zona leda,20,20,390,33,0.00,https://www.cercascuole.it/Scuola_Secondaria_Di_Ii_Grado-I_c__Zona_Leda_Aprilia-cod-LTAA831008.php,0,0,0.00,0,0,"[59,48,48,39,59,39,5,7,39,48,72,32]",2026-03-07,"Knowledge panel, Sitelinks, Video, Related searches",navigational,Organic
scuole reggio calabria,99,99,210,19,0.00,https://www.cercascuole.it/scuole-a-Reggio_Calabria.php,0,0,0.00,0.01,5880000,"[8,4,5,3,3,2,2,4,8,8,3,1]",2026-03-22,"Local pack, Video, Image, Related searches",commercial,Organic
istituto comprensivo a fogazzaro,67,67,110,21,0.00,https://www.cercascuole.it/Istituto_Comprensivo-Ic_Fogazzaro-cod-VBIC81000E.php,0,0,0.00,0.05,13600,"[15,19,26,34,26,34,42,53,100,80,42,42]",2026-02-10,"Local pack, Sitelinks, Image, Related searches",navigational,Organic
istituto tecnico industriale termoli,65,65,70,28,0.00,https://www.cercascuole.it/Scuola_Secondaria_Di_Ii_Grado-I_t__Industriale_-_E__Majorana-cod-CBTF014517.php,0,0,0.00,0.01,0,"[34,34,28,21,21,21,12,9,34,43,6,6]",2026-03-15,"Knowledge panel, Sitelinks, Video, Related searches",navigational,Organic
vittorini messina,31,31,140,26,0.00,https://www.cercascuole.it/Istituto_Comprensivo-N_15_Me_Vittorini-cod-MEIC822001.php,0,0,0.00,0,279000,"[28,35,18,18,15,15,15,11,18,54,23,18]",2026-03-04,"Knowledge panel, Sitelinks, Video, Image, People also ask, Related searches",navigational,Organic
bertazzolo mantova,43,43,70,33,0.00,https://www.cercascuole.it/scuole-a-Mantova.php,0,0,0.00,0.01,5780,"[28,12,12,12,23,17,12,17,35,23,35,5]",2026-03-26,"Knowledge panel, Sitelinks, Video, Image, Related searches",navigational,Organic
bertazzolo mantova,44,44,70,33,0.00,https://www.cercascuole.it/scuole-a-Mantova.php,0,0,0.00,0.01,5780,"[28,12,12,12,23,17,12,17,35,23,35,5]",2026-03-26,"Knowledge panel, Sitelinks, Video, Image, Related searches",navigational,Organic
iis claudio varalli,22,22,880,22,0.00,https://www.cercascuole.it/Istituto_Di_Istruzione_Superiore-Claudio_Varalli-cod-MIIS05100C.php,0,0,0.00,0.06,2420,"[41,54,54,36,30,30,36,36,16,54,41,41]",2026-02-23,"Knowledge panel, Sitelinks, People also ask, Related searches",navigational,Organic
scuole di ravenna,60,60,170,17,0.00,https://www.cercascuole.it/scuole-a-Ravenna.php,0,0,0.00,0.04,0,"[12,10,44,19,12,12,12,19,29,15,12,10]",2026-03-12,"Local pack, Image, Related searches",commercial,Organic
scuole di benevento,47,47,170,17,0.00,https://www.cercascuole.it/scuole-a-Benevento.php,0,0,0.00,0,8880000,"[29,100,29,29,29,22,22,29,29,43,66,29]",2026-02-28,"Local pack, Video, Image, People also ask, Related searches",commercial,Organic
ic de amicis anzola,23,23,110,25,0.00,https://www.cercascuole.it/Istituto_Comprensivo-De_Amicis_-_Anzola_Emilia-cod-BOIC81400L.php,0,0,0.00,0,121,"[28,23,28,23,28,23,12,17,66,28,17,17]",2026-03-24,"Knowledge panel, Sitelinks, Image, Related searches",navigational,Organic
scuole piemonte,63,63,260,15,0.00,https://www.cercascuole.it/scuole-in-Piemonte.php,0,0,0.00,0.01,0,"[0,0,0,0,0,0,0,2,3,0,0,0]",2026-03-14,"Video, Image, Related searches, AI overview",informational,Organic
scuole piemonte,82,82,260,15,0.00,https://www.cercascuole.it/scuole-in-Piemonte.php,0,0,0.00,0.01,0,"[0,0,0,0,0,0,0,2,3,0,0,0]",2026-03-14,"Video, Image, Related searches, AI overview",informational,Organic
ic zona leda aprilia,17,17,110,26,0.00,https://www.cercascuole.it/Scuola_Secondaria_Di_Ii_Grado-I_c__Zona_Leda_Aprilia-cod-LTAA831008.php,0,0,0.00,0.01,4670,"[22,35,22,18,22,18,6,14,29,29,22,18]",2026-03-22,"Knowledge panel, Sitelinks, Video, Related searches",navigational,Organic
ic zona leda aprilia,19,19,110,26,0.00,https://www.cercascuole.it/Scuola_Secondaria_Di_Ii_Grado-I_c__Zona_Leda_Aprilia-cod-LTAA831008.php,0,0,0.00,0.01,4670,"[22,35,22,18,22,18,6,14,29,29,22,18]",2026-03-22,"Knowledge panel, Sitelinks, Video, Related searches",navigational,Organic
cantù 2,49,49,260,22,0.00,https://www.cercascuole.it/Scuola_Primaria-I_c__Cantu_2-cod-COEE838047.php,0,0,0.00,0,25200000,"[36,23,36,23,36,23,10,7,36,44,36,29]",2026-03-22,"Knowledge panel, Sitelinks, Video, Related searches",navigational,Organic
scuole elementari novara,64,64,110,10,0.00,https://www.cercascuole.it/scuole-a-Novara.php,0,0,0.00,0.01,499000,"[23,35,35,43,35,17,23,28,35,28,17,7]",2026-04-05,"Local pack, Video, Image, Related searches",commercial,Organic
ic padre pino puglisi,37,37,210,18,0.00,https://www.cercascuole.it/Scuola_Primaria-I_c__Padre_Pino_Puglisi-cod-PAEE87203X.php,0,0,0.00,0,8160,"[44,28,35,44,44,23,8,15,66,44,35,35]",2026-03-21,"Local pack, Video, Related searches",commercial,Organic
ennio galice,29,29,260,36,0.00,https://www.cercascuole.it/Scuola_Dell_infanzia-Ist__Comprensivo_Ennio_Galice-cod-RMAA8B901C.php,0,0,0.00,0,119,"[30,24,20,10,16,20,3,6,30,30,36,30]",2026-03-20,"Knowledge panel, Sitelinks, Related searches",navigational,Organic
scuole elementari livorno,61,61,90,18,0.00,https://www.cercascuole.it/scuole-a-Livorno.php,0,0,0.00,0,363000,"[28,28,34,34,21,28,15,15,15,28,21,21]",2026-02-22,"Local pack, Image, People also ask, Related searches",commercial,Organic
foggia scuole,96,96,140,21,0.00,https://www.cercascuole.it/scuole-a-Foggia.php,0,0,0.00,0,23900000,"[18,18,35,18,18,18,15,23,28,23,28,15]",2026-04-01,"Local pack, Top stories, Video, Image, Related searches",commercial,Organic
molise scuole,53,53,480,23,0.00,https://www.cercascuole.it/scuole-in-Molise.php,0,0,0.00,0.01,125,"[11,0,0,0,0,31,84,52,100,31,16,13]",2026-03-10,"Video, Related searches, AI overview",informational,Organic
latina scuole,41,41,260,18,0.00,https://www.cercascuole.it/scuole-a-Latina.php,0,0,0.00,0.01,27100000,"[17,14,26,39,32,21,26,21,26,39,21,26]",2026-02-23,"Local pack, Image, People also ask, Related searches",commercial,Organic
latina scuole,92,92,260,18,0.00,https://www.cercascuole.it/scuole-a-Latina.php,0,0,0.00,0.01,27100000,"[17,14,26,39,32,21,26,21,26,39,21,26]",2026-02-23,"Local pack, Image, People also ask, Related searches",commercial,Organic
ic lucio muggia,17,17,170,24,0.00,https://www.cercascuole.it/Istituto_Comprensivo-Ist__Compr__Giovanni_Lucio-cod-TSIC804009.php,0,0,0.00,0,4290,"[35,22,43,35,29,22,10,29,81,43,35,18]",2026-03-20,"Knowledge panel, Sitelinks, Related searches",navigational,Organic
ic lucio muggia,19,19,170,24,0.00,https://www.cercascuole.it/Istituto_Comprensivo-Ist__Compr__Giovanni_Lucio-cod-TSIC804009.php,0,0,0.00,0,4290,"[35,22,43,35,29,22,10,29,81,43,35,18]",2026-03-20,"Knowledge panel, Sitelinks, Related searches",navigational,Organic
scuole matera,74,74,110,19,0.00,https://www.cercascuole.it/scuole-a-Matera.php,0,0,0.00,0,0,"[22,22,18,35,18,14,18,22,29,22,18,35]",2026-03-18,"Local pack, Video, Image, Related searches",commercial,Organic
scuole superiori rovigo,67,67,90,14,1.36,https://www.cercascuole.it/scuole-a-Rovigo.php,0,0,0.00,0.03,7110000,"[26,34,19,26,26,34,34,34,42,34,42,34]",2026-03-30,"Local pack, Video, Image, People also ask, Related searches",commercial,Organic
ic 3 belluno,45,45,90,25,0.00,https://www.cercascuole.it/scuole-a-Belluno.php,0,0,0.00,0,347000,"[17,17,12,23,17,23,12,17,66,23,23,12]",2026-03-14,"Sitelinks, Related searches",navigational,Organic
scuole siracusa,75,75,110,19,0.00,https://www.cercascuole.it/scuole-a-Siracusa.php,0,0,0.00,0,0,"[16,10,10,6,8,6,8,6,10,13,6,5]",2026-03-13,"Local pack, Video, Image, Related searches",commercial,Organic
ic lecco 1,14,14,140,33,0.00,https://www.cercascuole.it/Istituto_Comprensivo-Lecco_1_Falcone_E_Borsellino-cod-LCIC82500N.php,0,0,0.00,0,938000,"[12,19,15,19,9,19,15,29,44,29,23,15]",2026-03-31,"Knowledge panel, Sitelinks, People also ask, Related searches",navigational,Organic
ic lecco 1,20,20,140,33,0.00,https://www.cercascuole.it/Istituto_Comprensivo-Lecco_1_Falcone_E_Borsellino-cod-LCIC82500N.php,0,0,0.00,0,938000,"[12,19,15,19,9,19,15,29,44,29,23,15]",2026-03-31,"Knowledge panel, Sitelinks, People also ask, Related searches",navigational,Organic
scocchera,27,27,110,31,0.00,https://www.cercascuole.it/Istituto_Comprensivo-Ancona_Augusto_Scocchera-cod-ANIC81100G.php,0,0,0.00,0,69900,"[17,17,14,14,14,9,4,4,14,14,14,11]",2026-03-23,"Local pack, Image pack, Sitelinks, Related searches, See results about",navigational,Organic
scuole trentino,42,42,140,25,0.00,https://www.cercascuole.it/scuole-in-Trentino-alto_Adige.php,0,0,0.00,0,128,"[5,5,6,6,6,8,10,13,16,8,4,5]",2026-03-13,"Local pack, Video, Related searches",commercial,Organic
scuole trentino,51,51,140,25,0.00,https://www.cercascuole.it/scuole-a-Trento.php,0,0,0.00,0,128,"[5,5,6,6,6,8,10,13,16,8,4,5]",2026-03-13,"Local pack, Video, Related searches",commercial,Organic
iis varalli,17,17,390,22,0.00,https://www.cercascuole.it/Istituto_Di_Istruzione_Superiore-Claudio_Varalli-cod-MIIS05100C.php,0,0,0.00,0,3950,"[48,39,39,39,32,39,39,21,14,59,39,32]",2026-03-04,"Knowledge panel, Sitelinks, People also ask, Related searches",navigational,Organic
scuole medie catania,75,75,210,26,0.00,https://www.cercascuole.it/scuole-a-Catania.php,0,0,0.00,0,7130000,"[13,24,16,20,13,10,8,16,8,16,16,10]",2026-03-04,"Local pack, Image, People also ask, Related searches",commercial,Organic
scuole cuneo,54,54,110,13,0.00,https://www.cercascuole.it/scuole-a-Cuneo.php,0,0,0.00,0,0,"[10,6,6,5,6,6,5,8,13,8,5,4]",2026-03-14,"Local pack, Top stories, Image, Related searches",commercial,Organic
scuole cuneo,77,77,110,13,0.00,https://www.cercascuole.it/scuole-a-Cuneo.php,0,0,0.00,0,0,"[10,6,6,5,6,6,5,8,13,8,5,4]",2026-03-14,"Local pack, Top stories, Image, Related searches",commercial,Organic
istituto varalli milano,24,24,320,24,0.89,https://www.cercascuole.it/Istituto_Di_Istruzione_Superiore-Claudio_Varalli-cod-MIIS05100C.php,0,0,0.00,0.02,0,"[54,54,44,54,54,44,44,19,44,36,29,15]",2026-03-13,"Knowledge panel, Sitelinks, Related searches",navigational,Organic
iis caravaggio roma,35,35,90,25,0.00,https://www.cercascuole.it/Istituto_Di_Istruzione_Superiore-I_i_s_s__Caravaggio-cod-RMIS08200L.php,0,0,0.00,0.01,14500,"[9,12,21,12,12,6,6,53,43,34,43,43]",2026-02-28,"Local pack, Video, People also ask, Related searches","commercial, navigational",Organic
ic viviani,42,42,70,25,0.00,https://www.cercascuole.it/Istituto_Comprensivo-Caivano_-_I_c__Viviani-cod-NAIC841007.php,0,0,0.00,0,351000,"[11,11,15,18,11,15,11,6,11,28,11,11]",2026-03-02,"Knowledge panel, Image pack, Sitelinks, Video, Related searches",navigational,Organic
scuole di siracusa,39,39,110,19,0.00,https://www.cercascuole.it/scuole-a-Siracusa.php,0,0,0.00,0,7740000,"[21,65,43,43,28,34,28,34,28,43,43,21]",2026-02-28,"Local pack, Image, People also ask, Related searches",commercial,Organic
alessandria scuole,67,67,170,19,0.00,https://www.cercascuole.it/scuole-a-Alessandria.php,0,0,0.00,0.02,15700000,"[19,19,23,44,15,19,19,19,36,19,19,9]",2026-03-27,"Local pack, Video, Image, Related searches",commercial,Organic
ic centro storico genova,15,15,140,25,0.00,https://www.cercascuole.it/Istituto_Comprensivo-I_c__Centro_Storico-cod-GEIC80700C.php,0,0,0.00,0.01,1880000,"[12,12,12,12,12,10,15,15,44,19,15,7]",2026-03-19,"Knowledge panel, Sitelinks, People also ask, Related searches",navigational,Organic
ic centro storico genova,24,24,140,25,0.00,https://www.cercascuole.it/Istituto_Comprensivo-I_c__Centro_Storico-cod-GEIC80700C.php,0,0,0.00,0.01,1880000,"[12,12,12,12,12,10,15,15,44,19,15,7]",2026-03-19,"Knowledge panel, Sitelinks, People also ask, Related searches",navigational,Organic
scuole elementari brescia,76,76,90,21,0.00,https://www.cercascuole.it/scuole-a-Brescia.php,0,0,0.00,0.01,11200000,"[22,18,14,14,14,18,14,14,29,14,14,14]",2026-04-06,"Local pack, Video, Image, Related searches",commercial,Organic
scuole elementari brescia,92,92,90,21,0.00,https://www.cercascuole.it/scuole-a-Brescia.php,0,0,0.00,0.01,11200000,"[22,18,14,14,14,18,14,14,29,14,14,14]",2026-04-06,"Local pack, Video, Image, Related searches",commercial,Organic
scuole primarie rovigo,58,58,110,20,0.00,https://www.cercascuole.it/scuole-a-Rovigo.php,0,0,0.00,0,7970000,"[78,7,7,100,100,100,7,100,100,100,100,100]",2026-03-28,"Local pack, Video, Image, People also ask, Related searches",commercial,Organic
brindisi scuole,79,79,110,18,0.00,https://www.cercascuole.it/scuole-a-Brindisi.php,0,0,0.00,0.02,13200000,"[52,52,33,42,42,33,52,33,42,66,80,52]",2026-02-13,"Local pack, Top stories, Video, Image, Related searches",commercial,Organic
ennio galice civitavecchia,42,42,320,15,0.00,https://www.cercascuole.it/Scuola_Dell_infanzia-Ist__Comprensivo_Ennio_Galice-cod-RMAA8B901C.php,0,0,0.00,0,0,"[44,44,44,23,54,29,7,29,67,29,29,29]",2026-03-13,"Knowledge panel, Sitelinks, Image, Related searches",navigational,Organic
scuole a caltanissetta,45,45,90,20,0.00,https://www.cercascuole.it/scuole-a-Caltanissetta.php,0,0,0.00,0,6590000,"[23,23,17,28,17,23,17,12,17,35,17,17]",2026-03-01,"Local pack, Video, Image, People also ask, Related searches",commercial,Organic
parma saronno,51,51,170,23,0.00,https://www.cercascuole.it/I_p_s_i_a__Antonio_Parma_-_Saronno-Saronno-cod-VARI040511.php,0,0,0.00,0.02,0,"[54,29,22,29,35,35,29,18,66,43,35,22]",2026-03-18,"Knowledge panel, Sitelinks, Image, Related searches",navigational,Organic
scuole di novara,60,60,210,18,0.00,https://www.cercascuole.it/scuole-a-Novara.php,0,0,0.00,0.01,20800000,"[54,43,54,29,43,35,43,43,66,35,35,35]",2026-03-26,"Local pack, Image, People also ask, Related searches",commercial,Organic
scuole di novara,70,70,210,18,0.00,https://www.cercascuole.it/scuole-a-Novara.php,0,0,0.00,0.01,20800000,"[54,43,54,29,43,35,43,43,66,35,35,35]",2026-03-26,"Local pack, Image, People also ask, Related searches",commercial,Organic
istituto comprensivo lecco 1,13,13,140,30,0.00,https://www.cercascuole.it/Istituto_Comprensivo-Lecco_1_Falcone_E_Borsellino-cod-LCIC82500N.php,0,0,0.00,0.03,394000,"[15,19,15,29,15,19,12,15,44,19,19,15]",2026-03-21,"Knowledge panel, Sitelinks, Video, People also ask, Related searches",navigational,Organic
scuole abruzzo,41,41,90,21,0.00,https://www.cercascuole.it/scuole-in-Abruzzo.php,0,0,0.00,0.01,0,"[0,0,0,0,1,0,1,1,2,0,0,0]",2026-03-16,"Local pack, Related searches",commercial,Organic
scuole abruzzo,71,71,90,21,0.00,https://www.cercascuole.it/scuole-in-Abruzzo.php,0,0,0.00,0.01,0,"[0,0,0,0,1,0,1,1,2,0,0,0]",2026-03-16,"Local pack, Related searches",commercial,Organic
i.c. cantù 2,30,30,480,10,0.00,https://www.cercascuole.it/Scuola_Primaria-I_c__Cantu_2-cod-COEE838047.php,0,0,0.00,0,0,"[55,0,0,0,0,0,0,0,100,81,62,45]",2026-03-06,"Knowledge panel, Video, Related searches",navigational,Organic
i.c. cantù 2,31,31,480,10,0.00,https://www.cercascuole.it/Scuola_Primaria-I_c__Cantu_2-cod-COEE838047.php,0,0,0.00,0,0,"[55,0,0,0,0,0,0,0,100,81,62,45]",2026-03-06,"Knowledge panel, Video, Related searches",navigational,Organic
scuole a treviso,43,43,90,11,0.00,https://www.cercascuole.it/scuole-a-Treviso.php,0,0,0.00,0.01,20700000,"[15,15,15,15,18,18,15,15,18,18,18,18]",2026-02-26,"Image pack, Image, People also ask, Related searches","commercial, informational",Organic
lodi scuole superiori,89,89,210,19,1.08,https://www.cercascuole.it/scuole-a-Lodi.php,0,0,0.00,0.06,895000,"[43,66,82,53,53,43,43,53,43,66,53,66]",2026-02-27,"Local pack, Image, People also ask, Related searches",commercial,Organic
scuole potenza,55,55,140,17,0.00,https://www.cercascuole.it/scuole-a-Potenza.php,0,0,0.00,0,9650000,"[66,9,36,6,9,9,9,9,19,15,9,9]",2026-04-02,"Local pack, Video, Image, People also ask, Related searches",commercial,Organic
scuole prato,62,62,320,29,0.00,https://www.cercascuole.it/scuole-a-Prato.php,0,0,0.00,0.02,7890000,"[13,11,20,11,16,13,11,11,20,16,31,8]",2026-03-24,"Local pack, Video, Image, Related searches",commercial,Organic
scuole a varese,77,0,140,17,0.00,https://www.cercascuole.it/scuole-a-Varese.php,0,0,0.00,0.04,18800000,"[17,21,21,14,17,0,1,21,0,1,26,21]",2026-04-07,"Local pack, Video, Image, People also ask, Related searches",commercial,Organic
dante alighieri civita castellana,16,16,110,25,0.00,https://www.cercascuole.it/Dante_Alighieri-Civita_Castellana-cod-VTIC81700B.php,0,0,0.00,0,0,"[15,11,11,11,15,23,28,28,35,11,11,11]",2026-03-15,"Knowledge panel, Sitelinks, Image, Related searches",navigational,Organic
dante alighieri civita castellana,24,24,110,25,0.00,https://www.cercascuole.it/Dante_Alighieri-Civita_Castellana-cod-VTIC81700B.php,0,0,0.00,0,0,"[15,11,11,11,15,23,28,28,35,11,11,11]",2026-03-15,"Knowledge panel, Sitelinks, Image, Related searches",navigational,Organic
istituto comprensivo de amicis anzola,25,25,110,24,0.00,https://www.cercascuole.it/Istituto_Comprensivo-De_Amicis_-_Anzola_Emilia-cod-BOIC81400L.php,0,0,0.00,0,2420,"[17,28,23,28,28,28,23,12,17,53,28,23]",2026-03-02,"Knowledge panel, Sitelinks, Related searches",navigational,Organic
scuole del piemonte,23,23,210,13,0.00,https://www.cercascuole.it/scuole-in-Piemonte.php,0,0,0.00,0.01,14400000,"[14,11,14,21,14,14,17,48,59,14,0,14]",2026-03-26,Related searches,informational,Organic
scuole treviso,94,94,110,13,0.00,https://www.cercascuole.it/scuole-a-Treviso.php,0,0,0.00,0.01,9850000,"[11,18,15,15,15,15,15,15,18,23,23,18]",2026-02-16,"Knowledge panel, Image, People also ask, Related searches, AI overview",informational,Organic
ics viviani,48,48,260,19,0.00,https://www.cercascuole.it/Istituto_Comprensivo-Caivano_-_I_c__Viviani-cod-NAIC841007.php,0,0,0.00,0.05,499000,"[44,44,54,35,35,44,23,15,54,44,54,44]",2026-03-26,"Knowledge panel, Sitelinks, Related searches",navigational,Organic
scuole di cosenza,41,41,140,18,0.00,https://www.cercascuole.it/scuole-a-Cosenza.php,0,0,0.00,0,7620000,"[53,65,43,65,28,34,34,28,21,65,65,34]",2026-02-26,"Local pack, Video, Image, Related searches",commercial,Organic
scuole lecco,69,69,170,19,0.00,https://www.cercascuole.it/scuole-a-Lecco.php,0,0,0.00,0.02,4190000,"[23,15,19,29,19,15,19,23,44,23,15,19]",2026-03-27,"Local pack, Video, Image, People also ask, Related searches",commercial,Organic
istituto comprensivo statale arbe zara,46,46,140,24,0.00,https://www.cercascuole.it/Scuola_Primaria-Ic_Arbe_Zara_milano-cod-MIEE8DG03R.php,0,0,0.00,0.06,987,"[66,80,52,42,66,80,42,33,100,66,100,80]",2026-04-06,"Local pack, Sitelinks, Video, Related searches",navigational,Organic
scuole ancona,55,55,90,25,0.00,https://www.cercascuole.it/scuole-a-Ancona.php,0,0,0.00,0.01,4630000,"[4,6,4,6,4,10,4,5,5,10,6,4]",2026-03-04,"Local pack, Image, People also ask, Related searches",commercial,Organic
scuole ancona,66,66,90,25,0.00,https://www.cercascuole.it/scuole-a-Ancona.php,0,0,0.00,0.01,4630000,"[4,6,4,6,4,10,4,5,5,10,6,4]",2026-03-04,"Local pack, Image, People also ask, Related searches",commercial,Organic
scuole rimini,54,54,170,20,0.00,https://www.cercascuole.it/scuole-a-Rimini.php,0,0,0.00,0.01,0,"[10,10,13,8,8,10,13,20,24,10,10,8]",2026-03-14,"Local pack, Top stories, Video, Related searches",commercial,Organic
scuole di vibo valentia,60,60,90,17,0.00,https://www.cercascuole.it/scuole-a-Vibo_Valentia.php,0,0,0.00,0,6610000,"[14,78,50,78,50,50,35,35,50,100,64,78]",2026-02-08,"Local pack, Video, Image, Related searches",commercial,Organic
scuole medie grosseto,66,66,70,8,0.00,https://www.cercascuole.it/scuole-a-Grosseto.php,0,0,0.00,0,0,"[19,42,26,34,42,26,19,26,26,34,26,34]",2026-03-06,"Local pack, Image, Related searches",commercial,Organic
scuole medie novara,73,73,140,11,0.00,https://www.cercascuole.it/scuole-a-Novara.php,0,0,0.00,0,724000,"[23,23,19,15,19,19,23,15,23,19,23,12]",2026-03-19,"Local pack, Video, Image, People also ask, Related searches",commercial,Organic
trova scuole,22,22,390,27,0.00,https://www.cercascuole.it/,0,0,0.00,0.04,139000000,"[100,0,0,2,2,2,5,2,3,2,1,1]",2026-03-11,"Video, Related searches","informational, transactional",Organic
istituto comprensivo 1 2 oristano,37,37,170,21,0.00,https://www.cercascuole.it/scuole-a-Oristano.php,0,0,0.00,0,55700,"[15,11,28,18,23,18,15,23,100,28,18,11]",2026-03-25,"Sitelinks, Video, Related searches",navigational,Organic
daniele manin roma,31,31,90,29,0.00,https://www.cercascuole.it/Istituto_Comprensivo-Daniele_Manin-cod-RMIC81400T.php,0,0,0.00,0.02,536000,"[8,11,11,18,15,15,11,15,11,28,23,11]",2026-02-08,"Local pack, Sitelinks, Video, Related searches",navigational,Organic
scuole a la spezia,54,54,70,13,0.00,https://www.cercascuole.it/scuole-a-La_Spezia.php,0,0,0.00,0.33,121,"[34,26,42,34,26,26,19,26,53,26,26,7]",2026-03-19,"Local pack, Video, Related searches",commercial,Organic
ic ennio galice,36,36,260,16,0.00,https://www.cercascuole.it/Scuola_Dell_infanzia-Ist__Comprensivo_Ennio_Galice-cod-RMAA8B901C.php,0,0,0.00,0,2530,"[82,82,82,100,66,82,43,10,12,82,100,82]",2026-02-16,"Knowledge panel, Video, Image, Related searches",navigational,Organic
ic ennio galice,54,54,260,16,0.00,https://www.cercascuole.it/Scuola_Dell_infanzia-Ist__Comprensivo_Ennio_Galice-cod-RMAA8B901C.php,0,0,0.00,0,2530,"[82,82,82,100,66,82,43,10,12,82,100,82]",2026-02-16,"Knowledge panel, Video, Image, Related searches",navigational,Organic
i.c. vittorini messina,26,26,70,12,0.00,https://www.cercascuole.it/Istituto_Comprensivo-N_15_Me_Vittorini-cod-MEIC822001.php,0,0,0.00,0,9550,"[43,65,0,0,0,0,0,0,0,100,43,28]",2026-03-03,"Knowledge panel, Sitelinks",navigational,Organic
iis claudio varalli via ulisse dini milano mi,46,46,170,17,0.00,https://www.cercascuole.it/Istituto_Di_Istruzione_Superiore-Claudio_Varalli-cod-MIIS05100C.php,0,0,0.00,0.06,654,"[53,43,53,53,43,43,43,21,6,65,81,81]",2026-02-24,"Knowledge panel, Sitelinks, People also ask, Related searches",navigational,Organic
iis claudio varalli via ulisse dini milano mi,48,48,170,17,0.00,https://www.cercascuole.it/Istituto_Di_Istruzione_Superiore-Claudio_Varalli-cod-MIIS05100C.php,0,0,0.00,0.06,654,"[53,43,53,53,43,43,43,21,6,65,81,81]",2026-02-24,"Knowledge panel, Sitelinks, People also ask, Related searches",navigational,Organic
omnicomprensivo stigliano,33,33,70,15,0.00,https://www.cercascuole.it/Istituto_Comprensivo-Rocco_Montano-cod-MTIC81100R.php,0,0,0.00,0,2060,"[9,9,9,52,66,9,42,23,33,100,52,33]",2026-02-16,"Knowledge panel, Related searches",navigational,Organic
scuole benevento,60,60,140,15,0.00,https://www.cercascuole.it/scuole-a-Benevento.php,0,0,0.00,0,2660000,"[24,6,6,6,5,5,5,6,10,13,6,4]",2026-03-31,"Local pack, Image, People also ask, Related searches",commercial,Organic
scuole benevento,69,69,140,15,0.00,https://www.cercascuole.it/scuole-a-Benevento.php,0,0,0.00,0,2660000,"[24,6,6,6,5,5,5,6,10,13,6,4]",2026-03-31,"Local pack, Image, People also ask, Related searches",commercial,Organic
scuole benevento,73,73,140,15,0.00,https://www.cercascuole.it/scuole-a-Benevento.php,0,0,0.00,0,2660000,"[24,6,6,6,5,5,5,6,10,13,6,4]",2026-03-31,"Local pack, Image, People also ask, Related searches",commercial,Organic
istituto comprensivo centro storico,44,44,210,34,0.00,https://www.cercascuole.it/Istituto_Comprensivo-I_c__Centro_Storico-cod-GEIC80700C.php,0,0,0.00,0.02,1560000,"[4,19,23,23,29,23,29,23,81,54,1,2]",2026-03-29,"Local pack, Video, Related searches",commercial,Organic
scuole grosseto,71,71,140,25,0.00,https://www.cercascuole.it/scuole-a-Grosseto.php,0,0,0.00,0.02,128,"[43,35,22,18,22,18,22,29,29,22,29,18]",2026-03-20,"Local pack, Video, Image, People also ask, Related searches",commercial,Organic
manin roma,62,62,140,32,1.10,https://www.cercascuole.it/Istituto_Comprensivo-Daniele_Manin-cod-RMIC81400T.php,0,0,0.00,0.04,0,"[66,100,66,42,52,80,33,33,42,52,100,52]",2026-03-14,"Local pack, Sitelinks, Video, Related searches",navigational,Organic
scuole a lodi,39,39,140,15,0.00,https://www.cercascuole.it/scuole-a-Lodi.php,0,0,0.00,0.01,19000000,"[29,43,35,29,29,29,29,35,43,35,22,29]",2026-04-03,"Local pack, Video, Image, People also ask, Related searches",commercial,Organic
scuole di potenza,44,44,140,16,0.00,https://www.cercascuole.it/scuole-a-Potenza.php,0,0,0.00,0,19100000,"[18,100,14,66,10,14,14,10,14,29,29,18]",2026-02-10,"Local pack, Video, Image, People also ask, Related searches",commercial,Organic
scuole di potenza,87,87,140,16,0.00,https://www.cercascuole.it/scuole-a-Potenza.php,0,0,0.00,0,19100000,"[18,100,14,66,10,14,14,10,14,29,29,18]",2026-02-10,"Local pack, Video, Image, People also ask, Related searches",commercial,Organic
liceo carducci milano,81,81,1600,12,0.70,https://www.cercascuole.it/Scuola_Secondaria_Di_Ii_Grado-Carducci-cod-MIPC03000N.php,0,0,0.00,0.02,443000,"[24,35,44,24,10,16,35,29,13,44,29,24]",2026-02-26,"Knowledge panel, Video, Image, People also ask, Related searches",navigational,Organic
scuole a frosinone,40,40,140,24,0.00,https://www.cercascuole.it/scuole-a-Frosinone.php,0,0,0.00,0.02,13000000,"[19,12,12,15,10,15,7,12,10,15,19,15]",2026-02-26,"Local pack, Image, People also ask, Related searches",commercial,Organic
scuole lodi,71,71,140,24,0.00,https://www.cercascuole.it/scuole-a-Lodi.php,0,0,0.00,0.01,123,"[23,28,28,18,23,23,28,28,28,28,18,23]",2026-03-20,"Local pack, Video, Image, People also ask, Related searches",commercial,Organic
scuole a biella,75,75,70,16,0.00,https://www.cercascuole.it/scuole-a-Biella.php,0,0,0.00,0.01,7010000,"[28,23,23,17,12,17,12,12,17,35,12,12]",2026-02-10,"Local pack, Video, Image, People also ask, Related searches",commercial,Organic
istituto scolastico,78,78,590,34,1.46,https://www.cercascuole.it/,0,0,0.00,0.02,0,"[16,20,16,16,10,10,16,13,27,24,13,13]",2026-03-10,"Local pack, Video, Image, Related searches",commercial,Organic
scuole elementari padova,82,82,110,19,0.00,https://www.cercascuole.it/scuole-a-Padova.php,0,0,0.00,0,6000000,"[19,12,15,9,12,9,6,9,19,15,15,15]",2026-04-03,"Local pack, Image pack, Image, People also ask, Related searches",commercial,Organic
baluardo partigiani,50,50,210,25,0.00,https://www.cercascuole.it/Istituto_Comprensivo-Baluardo_Partigiani_-_Novara-cod-NOIC82700X.php,0,0,0.00,0.06,0,"[43,43,65,65,65,65,65,53,100,81,100,65]",2026-03-18,"Knowledge panel, Image pack, Video, Image, Related searches, AI overview",informational,Organic
scuole vicenza,98,98,90,14,0.00,https://www.cercascuole.it/scuole-a-Vicenza.php,0,0,0.00,0.02,9830000,"[3,4,3,3,3,3,3,4,5,7,5,4]",2026-02-28,"Knowledge panel, Video, Image, People also ask, Related searches, AI overview",informational,Organic
ic anzola,25,25,140,26,0.00,https://www.cercascuole.it/Istituto_Comprensivo-De_Amicis_-_Anzola_Emilia-cod-BOIC81400L.php,0,0,0.00,0,99200,"[12,12,12,15,12,12,5,7,29,23,19,15]",2026-03-21,"Knowledge panel, Sitelinks, Video, Related searches",navigational,Organic
scuole primarie parma,62,62,90,15,0.00,https://www.cercascuole.it/scuole-a-Parma.php,0,0,0.00,0.01,3800000,"[43,35,35,12,12,5,17,17,28,17,12,23]",2026-03-27,"Local pack, Video, Image, People also ask, Related searches",commercial,Organic
scuole messina,81,81,210,20,0.00,https://www.cercascuole.it/scuole-a-Messina.php,0,0,0.00,0,8400000,"[3,3,3,2,3,2,2,2,5,3,5,3]",2026-04-01,"Local pack, Top stories, Video, Image, People also ask, Related searches",commercial,Organic
ipsia antonio parma,14,14,110,21,0.00,https://www.cercascuole.it/I_p_s_i_a__Antonio_Parma_-_Saronno-Saronno-cod-VARI040511.php,0,0,0.00,0.01,0,"[28,28,28,23,23,35,23,23,66,28,28,23]",2026-03-13,"Knowledge panel, Sitelinks, Video, Related searches",navigational,Organic
scuole elementari piacenza,65,65,90,20,0.00,https://www.cercascuole.it/scuole-a-Piacenza.php,0,0,0.00,0,351000,"[9,12,9,19,9,6,6,6,9,19,12,9]",2026-03-02,"Local pack, Image, Related searches",commercial,Organic
ic ala,17,17,90,24,0.00,https://www.cercascuole.it/Istituto_Comprensivo-Ala_Bresciani-cod-TNIC84800Q.php,0,0,0.00,0,34100000,"[12,15,28,21,9,21,21,65,81,34,21,34]",2026-04-03,"Knowledge panel, Sitelinks, Video, Related searches",navigational,Organic
ic ala,19,19,90,24,0.00,https://www.cercascuole.it/Istituto_Comprensivo-Ala_Bresciani-cod-TNIC84800Q.php,0,0,0.00,0,34100000,"[12,15,28,21,9,21,21,65,81,34,21,34]",2026-04-03,"Knowledge panel, Sitelinks, Video, Related searches",navigational,Organic
scuole livorno,48,48,170,28,0.00,https://www.cercascuole.it/scuole-a-Livorno.php,0,0,0.00,0,124,"[15,29,29,15,19,19,15,19,29,44,15,12]",2026-03-21,"Local pack, Video, Related searches",commercial,Organic
oristano scuole superiori,58,58,90,30,0.00,https://www.cercascuole.it/scuole-a-Oristano.php,0,0,0.00,0,0,"[33,33,42,33,33,33,33,52,42,33,52,42]",2026-03-13,"Local pack, Video, Image, Related searches",commercial,Organic
cerca scuola,16,16,210,36,0.00,https://www.cercascuole.it/,0,0,0.00,0,132000000,"[1,3,3,1,3,3,29,3,1,3,3,3]",2026-03-08,"Video, Related searches",informational,Organic
cerca scuola,47,47,210,36,0.00,https://www.cercascuole.it/scuole-a-Cagliari.php,0,0,0.00,0,132000000,"[1,3,3,1,3,3,29,3,1,3,3,3]",2026-03-08,"Video, Related searches",informational,Organic
cerca scuola,54,54,210,36,0.00,https://www.cercascuole.it/scuole-a-Roma.php,0,0,0.00,0,132000000,"[1,3,3,1,3,3,29,3,1,3,3,3]",2026-03-08,"Video, Related searches",informational,Organic
cerca scuola,59,59,210,36,0.00,https://www.cercascuole.it/scuole-a-Bergamo.php,0,0,0.00,0,132000000,"[1,3,3,1,3,3,29,3,1,3,3,3]",2026-03-08,"Video, Related searches",informational,Organic
scuole a brescia,53,53,320,23,0.93,https://www.cercascuole.it/scuole-a-Brescia.php,0,0,0.00,0.07,0,"[30,24,30,24,24,24,24,24,36,20,30,20]",2026-03-07,"Local pack, Video, Image, Related searches",commercial,Organic
scuole a brescia,80,80,320,23,0.93,https://www.cercascuole.it/scuole-a-Brescia.php,0,0,0.00,0.07,0,"[30,24,30,24,24,24,24,24,36,20,30,20]",2026-03-07,"Local pack, Video, Image, Related searches",commercial,Organic
scuole a brescia,81,81,320,23,0.93,https://www.cercascuole.it/scuole-a-Brescia.php,0,0,0.00,0.07,0,"[30,24,30,24,24,24,24,24,36,20,30,20]",2026-03-07,"Local pack, Video, Image, Related searches",commercial,Organic
frosinone scuole,57,57,140,18,0.00,https://www.cercascuole.it/scuole-a-Frosinone.php,0,0,0.00,0.02,13200000,"[28,18,23,28,15,18,11,15,15,23,28,23]",2026-02-12,"Local pack, Video, Image, Related searches",commercial,Organic
ic ovest 2,45,45,720,10,0.00,https://www.cercascuole.it/Istituto_Comprensivo-Ic_Ovest_2_Brescia-cod-BSIC886005.php,0,0,0.00,0,702000,"[45,45,45,55,55,67,55,20,20,76,55,55]",2026-03-01,"Knowledge panel, Image, People also ask, Related searches",navigational,Organic
ciusa,64,64,260,33,0.00,https://www.cercascuole.it/Istituto_Comprensivo-F__Ciusa-cod-CAIC881009.php,0,0,0.00,0,205000,"[16,20,16,16,20,0,10,20,20,30,36,10]",2026-02-28,"Knowledge panel, Local pack, Sitelinks, Video, Image, Video Carousel, People also ask, Related searches",navigational,Organic
galice civitavecchia,23,23,260,23,0.00,https://www.cercascuole.it/Scuola_Dell_infanzia-Ist__Comprensivo_Ennio_Galice-cod-RMAA8B901C.php,0,0,0.00,0,6020,"[54,54,54,54,44,66,44,8,15,54,44,44]",2026-02-10,"Knowledge panel, Sitelinks, Image, People also ask, Related searches",navigational,Organic
istituto comprensivo dante alighieri civita castellana,24,24,110,25,0.00,https://www.cercascuole.it/Dante_Alighieri-Civita_Castellana-cod-VTIC81700B.php,0,0,0.00,0,0,"[14,18,22,29,18,22,14,29,43,35,22,18]",2026-03-15,"Knowledge panel, Sitelinks, Video, Related searches",navigational,Organic
istituto comprensivo bruno munari milano,35,35,140,26,0.00,https://www.cercascuole.it/Scuola_Secondaria_Di_I_Grado-Ic_Bruno_Munari__Milano-cod-MIMM82001N.php,0,0,0.00,0,10800,"[28,18,23,15,23,28,18,11,44,28,28,28]",2026-04-02,"Knowledge panel, Sitelinks, Related searches",navigational,Organic
iccantu2,36,36,720,12,0.00,https://www.cercascuole.it/Scuola_Primaria-I_c__Cantu_2-cod-COEE838047.php,0,0,0.00,0,0,"[37,31,31,31,46,31,11,7,68,68,52,31]",2026-03-10,"Knowledge panel, Sitelinks, Image, Related searches","navigational, transactional",Organic
scuole di frosinone,71,71,110,14,0.00,https://www.cercascuole.it/scuole-a-Frosinone.php,0,0,0.00,0.03,15700000,"[18,23,28,18,18,11,18,15,23,28,23,15]",2026-04-06,"Local pack, Image, People also ask, Related searches",commercial,Organic
icspuglisi,12,12,90,27,0.00,https://www.cercascuole.it/Scuola_Primaria-I_c__Padre_Pino_Puglisi-cod-PAEE87203X.php,0,0,0.00,0,584,"[29,29,29,22,54,14,4,4,10,10,4,4]",2026-04-01,"Knowledge panel, Sitelinks, Video, Image, Related searches",navigational,Organic
scuole lucca,50,50,170,15,0.00,https://www.cercascuole.it/scuole-a-Lucca.php,0,0,0.00,0.02,0,"[23,18,66,81,15,18,35,18,23,35,23,15]",2026-03-17,"Local pack, Video, Image, Related searches",commercial,Organic
scuole a grosseto,64,64,140,25,0.00,https://www.cercascuole.it/scuole-a-Grosseto.php,0,0,0.00,0.02,10700000,"[53,43,28,17,28,23,28,28,35,28,43,23]",2026-04-06,"Local pack, Video, Image, People also ask, Related searches",commercial,Organic
antonio meucci carpi,15,15,110,25,0.00,https://www.cercascuole.it/Istituto_Di_Istruzione_Superiore-Antonio_Meucci-cod-MOIS003008.php,0,0,0.00,0,132,"[28,28,17,17,23,28,53,35,66,35,17,17]",2026-03-22,"Knowledge panel, Sitelinks, Related searches",navigational,Organic
lozer pordenone,94,94,110,8,0.00,https://www.cercascuole.it/scuole-a-Pordenone.php,0,0,0.00,0,4350,"[28,34,28,28,28,28,28,53,34,53,43,53]",2026-03-02,"Knowledge panel, Video, Image, People also ask, Related searches","informational, transactional",Organic
ics cavaion,64,64,170,27,0.00,https://www.cercascuole.it/scuole-a-Verona.php,0,0,0.00,0,13900,"[15,19,19,19,36,29,23,9,9,44,36,44]",2026-02-28,"Knowledge panel, Sitelinks, Video, People also ask, Related searches",navigational,Organic
scuole parma,68,68,260,22,0.00,https://www.cercascuole.it/scuole-a-Parma.php,0,0,0.00,0,126,"[13,16,20,10,10,16,16,20,30,20,16,16]",2026-03-21,"Local pack, Video, Image, People also ask, Related searches",commercial,Organic
scuole primarie vicenza,55,55,90,9,0.00,https://www.cercascuole.it/scuole-a-Vicenza.php,0,0,0.00,0.01,6460000,"[42,53,34,26,19,19,19,19,26,26,26,42]",2026-03-05,"Local pack, Video, Image, People also ask, Related searches",commercial,Organic
scuole a savona,35,35,70,12,0.00,https://www.cercascuole.it/scuole-a-Savona.php,0,0,0.00,0,0,"[34,28,34,15,15,12,15,28,43,28,21,21]",2026-03-18,"Local pack, Video, Image, Related searches",commercial,Organic
miis023008,11,11,90,25,0.00,https://www.cercascuole.it/Istituto_Di_Istruzione_Superiore-Ist_istr_sup_g_cardano-cod-MIIS023008.php,0,0,0.00,0.01,1340,"[7,5,7,5,5,5,26,7,14,5,11,5]",2026-04-04,"Sitelinks, Related searches",navigational,Organic
agrigento scuole,87,87,90,20,0.00,https://www.cercascuole.it/scuole-a-Agrigento.php,0,0,0.00,0,9230000,"[6,9,19,12,15,9,6,15,12,12,12,9]",2026-02-11,"Local pack, Video, Image, Related searches",commercial,Organic
istituto comprensivo giovanni lucio,23,23,170,20,0.00,https://www.cercascuole.it/Istituto_Comprensivo-Ist__Compr__Giovanni_Lucio-cod-TSIC804009.php,0,0,0.00,0.03,246000,"[35,66,43,53,43,43,28,35,35,82,43,53]",2026-03-02,"Knowledge panel, Sitelinks, Related searches",navigational,Organic
istituto comprensivo giovanni lucio,48,48,170,20,0.00,https://www.cercascuole.it/Scuola_Secondaria_Di_Ii_Grado-Ist__Compr__Giovanni_Lucio-cod-TSEE80402C.php,0,0,0.00,0.03,246000,"[35,66,43,53,43,43,28,35,35,82,43,53]",2026-03-02,"Knowledge panel, Sitelinks, Related searches",navigational,Organic
ic matteotti,89,89,260,40,0.00,https://www.cercascuole.it/Scuola_Dell_infanzia-Giacomo_Matteotti-cod-LTAA824038.php,0,0,0.00,0,321000,"[24,30,24,24,16,24,16,8,8,30,20,16]",2026-02-15,"Local pack, Sitelinks, Video, Image, Related searches",navigational,Organic
scuole elementari foggia,92,92,90,21,0.00,https://www.cercascuole.it/scuole-a-Foggia.php,0,0,0.00,0,8290000,"[29,52,82,52,64,52,29,29,41,82,41,52]",2026-02-10,"Local pack, Video, Image, People also ask, Related searches",commercial,Organic
molisescuola,50,50,590,23,0.00,https://www.cercascuole.it/scuole-in-Molise.php,0,0,0.00,0.01,0,"[8,8,10,8,7,24,66,41,66,20,10,8]",2026-03-11,"Local pack, Video, Related searches",commercial,Organic
scuole a parma,80,80,260,19,0.00,https://www.cercascuole.it/scuole-a-Parma.php,0,0,0.00,0,38900000,"[23,29,36,19,19,29,23,29,36,23,29,29]",2026-03-22,"Local pack, Video, Image, People also ask, Related searches",commercial,Organic
istituto comprensivo statale di adro,31,31,170,25,0.00,https://www.cercascuole.it/Scuola_Secondaria_Di_Ii_Grado-I__C__Statale_Adro-cod-BSIC835008.php,0,0,0.00,0.07,2650,"[13,13,13,13,6,13,8,10,8,20,10,24]",2026-03-03,"Knowledge panel, Sitelinks, Video, Related searches",navigational,Organic
istituto comprensivo statale di adro,60,60,170,25,0.00,https://www.cercascuole.it/Scuola_Secondaria_Di_Ii_Grado-I__C__Statale_Adro-cod-BSIC835008.php,0,0,0.00,0.07,2650,"[13,13,13,13,6,13,8,10,8,20,10,24]",2026-03-03,"Knowledge panel, Sitelinks, Video, Related searches",navigational,Organic
istituto comprensivo staglieno,12,12,210,30,0.00,https://www.cercascuole.it/Istituto_Comprensivo-I_c__Staglieno-cod-GEIC824006.php,0,0,0.00,0.05,3680,"[29,23,19,19,15,36,19,19,81,36,19,9]",2026-04-06,"Knowledge panel, Sitelinks, People also ask, Related searches",navigational,Organic
ic pirandello firenze,53,53,210,17,0.00,https://www.cercascuole.it/Scuola_Secondaria_Di_Ii_Grado-Pirandello-cod-FIAA837007.php,0,0,0.00,0,21800,"[18,29,29,29,29,35,35,35,35,81,66,54]",2026-02-25,"Knowledge panel, Image, People also ask, Related searches",navigational,Organic
scuole medie di bologna,79,79,320,29,0.79,https://www.cercascuole.it/scuole-a-Bologna.php,0,0,0.00,0.04,123,"[54,66,66,44,36,36,54,23,66,54,44,29]",2026-03-21,"Local pack, Video, Related searches",commercial,Organic
ic daniele manin,17,17,170,28,0.00,https://www.cercascuole.it/Istituto_Comprensivo-Daniele_Manin-cod-RMIC81400T.php,0,0,0.00,0,29600,"[35,29,35,22,35,22,43,14,43,43,43,22]",2026-03-31,"Local pack, Sitelinks, Video, Image, Related searches",navigational,Organic
ic daniele manin,26,26,170,28,0.00,https://www.cercascuole.it/Istituto_Comprensivo-Daniele_Manin-cod-RMIC81400T.php,0,0,0.00,0,29600,"[35,29,35,22,35,22,43,14,43,43,43,22]",2026-03-31,"Local pack, Sitelinks, Video, Image, Related searches",navigational,Organic
scuole taranto,60,60,210,20,0.00,https://www.cercascuole.it/scuole-a-Taranto.php,0,0,0.00,0,0,"[21,14,26,21,26,17,21,17,26,21,21,17]",2026-03-17,"Local pack, Top stories, Video, Image, Related searches",commercial,Organic
scuole regione lazio,57,57,110,17,0.00,https://www.cercascuole.it/scuole-in-Lazio.php,0,0,0.00,0.02,11200000,"[10,8,8,6,8,8,8,8,16,8,8,8]",2026-03-14,"Top stories, Image, Related searches","commercial, informational",Organic
scuole di treviso,30,30,90,13,0.00,https://www.cercascuole.it/scuole-a-Treviso.php,0,0,0.00,0.01,10100000,"[15,15,15,15,15,15,15,15,18,18,18,11]",2026-02-27,"Knowledge panel, Image, People also ask, Related searches, AI overview",informational,Organic
scuole di avellino,39,39,210,24,0.00,https://www.cercascuole.it/scuole-a-Avellino.php,0,0,0.00,0,11500000,"[15,81,28,28,15,15,18,23,18,35,100,81]",2026-03-01,"Local pack, Image pack, Video, Image, People also ask, Related searches",commercial,Organic
scuole in trentino,78,78,110,17,0.00,https://www.cercascuole.it/scuole-a-Trento.php,0,0,0.00,0.01,31300000,"[18,22,18,18,22,18,18,29,35,35,29,18]",2026-02-26,"Video, Image, People also ask, Related searches, AI overview",informational,Organic
scuole di palermo,46,46,110,24,0.00,https://www.cercascuole.it/scuole-a-Palermo.php,0,0,0.00,0,0,"[43,28,53,15,34,28,28,21,34,21,34,21]",2026-03-15,"Local pack, Image, Related searches",commercial,Organic
scuole di palermo,86,86,110,24,0.00,https://www.cercascuole.it/scuole-a-Palermo.php,0,0,0.00,0,0,"[43,28,53,15,34,28,28,21,34,21,34,21]",2026-03-15,"Local pack, Image, Related searches",commercial,Organic
scuole elementari catania,79,79,140,15,0.00,https://www.cercascuole.it/scuole-a-Catania.php,0,0,0.00,0,5890000,"[15,12,12,23,12,10,15,12,15,12,19,12]",2026-03-22,"Local pack, Video, Image, People also ask, Related searches",commercial,Organic
scuole primarie ferrara,53,53,70,15,0.00,https://www.cercascuole.it/scuole-a-Ferrara.php,0,0,0.00,0.06,0,"[19,34,26,26,19,26,7,7,7,42,53,7]",2026-03-06,"Local pack, Video, Image, Related searches",commercial,Organic
istruzione monza,32,32,70,33,0.00,https://www.cercascuole.it/Istituto_Di_Istruzione_Superiore-Monza-cod-MIIS046001.php,0,0,0.00,0.01,3650000,"[3,2,1,0,3,3,5,30,5,2,1,1]",2026-03-19,"Sitelinks, Video, Related searches",navigational,Organic
istruzione monza,79,79,70,33,0.00,https://www.cercascuole.it/Istituto_Di_Istruzione_Superiore-Monza-cod-MIIS046001.php,0,0,0.00,0.01,3650000,"[3,2,1,0,3,3,5,30,5,2,1,1]",2026-03-19,"Sitelinks, Video, Related searches",navigational,Organic
scuole ferrara,78,78,260,17,0.00,https://www.cercascuole.it/scuole-a-Ferrara.php,0,0,0.00,0.02,0,"[36,16,20,20,13,16,24,20,24,13,16,13]",2026-03-19,"Local pack, Video, Image, Related searches",commercial,Organic
scuole a reggio calabria,58,58,260,21,0.00,https://www.cercascuole.it/scuole-a-Reggio_Calabria.php,0,0,0.00,0.01,0,"[24,13,16,10,8,8,8,13,30,30,10,5]",2026-03-11,"Local pack, Video, Related searches",commercial,Organic
scuole di perugia,45,45,140,15,0.00,https://www.cercascuole.it/scuole-a-Perugia.php,0,0,0.00,0.03,5700000,"[43,43,43,43,28,43,23,28,28,43,35,35]",2026-02-26,"Local pack, Top stories, Video, Image, People also ask, Related searches",commercial,Organic
cantagrillo pt,87,87,140,22,0.00,https://www.cercascuole.it/Scuola_Secondaria_Di_Ii_Grado-Ic_E_fermi-cod-PTEE812031.php,0,0,0.00,0.07,0,"[42,42,66,66,52,80,100,80,80,66,52,52]",2026-03-16,"Knowledge panel, Video, Image, Related searches","informational, transactional",Organic
cantagrillo pt,88,88,140,22,0.00,https://www.cercascuole.it/Scuola_Secondaria_Di_Ii_Grado-Ic_E_fermi-cod-PTEE812031.php,0,0,0.00,0.07,0,"[42,42,66,66,52,80,100,80,80,66,52,52]",2026-03-16,"Knowledge panel, Video, Image, Related searches","informational, transactional",Organic
scuole biella,65,65,70,13,0.00,https://www.cercascuole.it/scuole-a-Biella.php,0,0,0.00,0.33,118,"[18,18,18,10,18,10,10,14,29,10,10,4]",2026-03-25,"Local pack, Video, Image, Related searches",commercial,Organic
istituto comprensivo di arcola ameglia,74,74,110,26,0.00,https://www.cercascuole.it/scuole-a-La_Spezia.php,0,0,0.00,0.05,6540,"[34,34,42,42,34,53,34,34,26,53,65,53]",2026-03-03,"Knowledge panel, Video, Image, Related searches",navigational,Organic
scuole vibo valentia,42,42,70,15,0.00,https://www.cercascuole.it/scuole-a-Vibo_Valentia.php,0,0,0.00,0,7660000,"[5,28,17,28,17,17,12,12,17,28,17,17]",2026-02-08,"Local pack, Video, Image, Related searches",commercial,Organic
scuole di catanzaro,40,40,140,18,0.00,https://www.cercascuole.it/scuole-a-Catanzaro.php,0,0,0.00,0,7800000,"[12,35,53,100,17,12,17,17,28,43,43,28]",2026-02-26,"Local pack, Video, People also ask, Related searches",commercial,Organic
scuole di pisa,88,88,170,24,0.00,https://www.cercascuole.it/scuole-a-Pisa.php,0,0,0.00,0.03,6660000,"[22,22,29,100,18,29,18,18,22,29,66,35]",2026-02-26,"Local pack, Image, People also ask, Related searches",commercial,Organic
scuole a lecco,53,53,170,21,0.00,https://www.cercascuole.it/scuole-a-Lecco.php,0,0,0.00,0.02,19400000,"[35,22,29,43,29,22,22,35,66,35,22,29]",2026-04-03,"Local pack, Image, People also ask, Related searches",commercial,Organic
ic marconi licata,19,19,110,30,0.00,https://www.cercascuole.it/Scuola_Secondaria_Di_Ii_Grado-Ic_G_marconi-cod-AGMM834014.php,0,0,0.00,0,16000,"[65,42,80,34,26,19,26,53,100,42,26,26]",2026-04-03,"Local pack, Sitelinks, Video, Related searches",navigational,Organic
istituto comprensivo padre pino puglisi,36,36,210,16,0.00,https://www.cercascuole.it/Scuola_Primaria-I_c__Padre_Pino_Puglisi-cod-PAEE87203X.php,0,0,0.00,0,9330,"[35,28,35,44,44,23,8,15,54,54,44,35]",2026-03-20,"Knowledge panel, Video, Related searches",informational,Organic
scuole a cosenza,35,35,140,18,0.00,https://www.cercascuole.it/scuole-a-Cosenza.php,0,0,0.00,0,7800000,"[43,53,35,53,23,28,28,23,17,53,53,28]",2026-02-27,"Local pack, Video, Image, Related searches",commercial,Organic
scuole marche,90,90,70,21,0.00,https://www.cercascuole.it/scuole-in-Marche.php,0,0,0.00,0.02,31400000,"[0,0,0,0,0,0,0,0,1,1,0,0]",2026-02-25,"Knowledge panel, Top stories, Video, Image, Related searches",informational,Organic
pordenone scuole,61,61,590,22,0.00,https://www.cercascuole.it/scuole-a-Pordenone.php,0,0,0.00,0,0,"[30,36,36,45,45,36,30,20,30,76,100,76]",2026-03-07,"Local pack, Video, Related searches",commercial,Organic
scuole in abruzzo,23,23,90,16,0.00,https://www.cercascuole.it/scuole-in-Abruzzo.php,0,0,0.00,0.01,124,"[14,14,18,14,22,10,22,35,29,10,10,6]",2026-04-03,"Image, Related searches, AI overview",informational,Organic
kandinsky milano,63,63,210,27,1.58,https://www.cercascuole.it/Scuola_Secondaria_Di_Ii_Grado-Kandinsky-cod-MIRC04801G.php,0,0,0.00,0.06,541000,"[17,26,21,21,17,17,14,17,11,32,21,26]",2026-03-02,"Knowledge panel, Image pack, Sitelinks, Video, Image, People also ask, Related searches",navigational,Organic
scuole como,49,49,210,20,0.00,https://www.cercascuole.it/scuole-a-Como.php,0,0,0.00,0.06,0,"[17,11,14,11,11,14,14,14,100,21,17,17]",2026-03-19,"Local pack, Video, Image, Related searches",informational,Organic
istituto comprensivo statale daniele manin,33,33,260,30,0.00,https://www.cercascuole.it/Istituto_Comprensivo-Daniele_Manin-cod-RMIC81400T.php,0,0,0.00,0.09,6440,"[23,29,29,29,23,36,81,44,54,29,44,19]",2026-04-02,"Knowledge panel, Sitelinks, Video, Image, Related searches",navigational,Organic
scuole trento,64,64,390,20,0.00,https://www.cercascuole.it/scuole-a-Trento.php,0,0,0.00,0.01,0,"[24,36,36,30,30,36,30,24,45,30,30,24]",2026-03-10,"Local pack, Video, Image, Related searches",commercial,Organic
scuole catanzaro,72,72,110,25,0.00,https://www.cercascuole.it/scuole-a-Catanzaro.php,0,0,0.00,0,2360000,"[5,15,19,36,7,7,7,7,12,15,15,12]",2026-02-27,"Local pack, Video, Image, Related searches",commercial,Organic
ic civitavecchia 1,73,73,170,14,0.00,https://www.cercascuole.it/Istituto_Comprensivo-Civitavecchia_-_G__Manzi-cod-RMIC850001.php,0,0,0.00,0,903000,"[10,10,16,30,13,8,8,2,3,16,20,24]",2026-02-15,"Knowledge panel, People also ask, Related searches","informational, navigational",Organic
scuole a lucca,45,45,170,15,0.00,https://www.cercascuole.it/scuole-a-Lucca.php,0,0,0.00,0.02,1720000,"[28,23,18,54,81,18,18,28,18,23,28,28]",2026-02-26,"Local pack, Video, Image, People also ask, Related searches",commercial,Organic
potenza scuole,43,43,140,20,0.00,https://www.cercascuole.it/scuole-a-Potenza.php,0,0,0.00,0,17800000,"[18,100,14,54,10,14,14,14,14,22,22,18]",2026-02-15,"Local pack, Video, Image, People also ask, Related searches",commercial,Organic
scuole a rimini,82,82,140,17,0.00,https://www.cercascuole.it/scuole-a-Rimini.php,0,0,0.00,0.01,27700000,"[10,10,13,10,8,10,10,16,20,8,10,8]",2026-04-03,"Local pack, Video, Image, People also ask, Related searches",commercial,Organic
scuole medie foggia,89,89,110,21,0.00,https://www.cercascuole.it/scuole-a-Foggia.php,0,0,0.00,0,6910000,"[11,23,18,18,23,15,15,23,11,23,28,15]",2026-02-27,"Local pack, Video, Image, People also ask, Related searches",commercial,Organic
ics puglisi,37,37,480,23,0.00,https://www.cercascuole.it/Scuola_Primaria-I_c__Padre_Pino_Puglisi-cod-PAEE87203X.php,0,0,0.00,0,0,"[81,67,67,54,81,44,7,15,67,54,54,36]",2026-03-12,"Knowledge panel, Video, Related searches","informational, navigational",Organic
scuole pescara,76,76,210,22,0.00,https://www.cercascuole.it/scuole-a-Pescara.php,0,0,0.00,0.03,3560000,"[5,8,13,20,10,10,8,10,6,13,24,10]",2026-03-04,"Local pack, Video, Image, Related searches",commercial,Organic
scuole di brindisi,37,37,90,20,0.00,https://www.cercascuole.it/scuole-a-Brindisi.php,0,0,0.00,0.01,17600000,"[52,33,42,33,33,52,33,42,52,66,33,33]",2026-03-22,"Local pack, Video, Image, Related searches",commercial,Organic
scuole di brindisi,70,70,90,20,0.00,https://www.cercascuole.it/scuole-a-Brindisi.php,0,0,0.00,0.01,17600000,"[52,33,42,33,33,52,33,42,52,66,33,33]",2026-03-22,"Local pack, Video, Image, Related searches",commercial,Organic
scuole elementari reggio calabria,59,59,70,11,0.00,https://www.cercascuole.it/scuole-a-Reggio_Calabria.php,0,0,0.00,0.33,429000,"[18,11,18,11,8,8,8,3,18,3,3,3]",2026-04-06,"Local pack, Video, Image, People also ask, Related searches",commercial,Organic
scuole di lecce,38,38,140,14,0.00,https://www.cercascuole.it/scuole-a-Lecce.php,0,0,0.00,0,29500000,"[43,65,53,43,34,34,34,53,53,53,43,34]",2026-04-06,"Local pack, Video, Image, People also ask, Related searches",commercial,Organic
don magnani sassuolo,23,23,110,15,0.00,https://www.cercascuole.it/Don_Magnani-Sassuolo-cod-MORI040507.php,0,0,0.00,0.01,11300,"[34,28,21,28,34,34,53,21,43,34,34,34]",2026-03-20,"Local pack, Image pack, Image, Related searches",commercial,Organic
scuole pordenone,45,45,480,22,0.00,https://www.cercascuole.it/scuole-a-Pordenone.php,0,0,0.00,0,0,"[44,54,54,67,54,54,44,29,54,81,100,54]",2026-03-12,"Local pack, Video, Image, Related searches",commercial,Organic
scuole pordenone,56,56,480,22,0.00,https://www.cercascuole.it/scuole-a-Pordenone.php,0,0,0.00,0,0,"[44,54,54,67,54,54,44,29,54,81,100,54]",2026-03-12,"Local pack, Video, Image, Related searches",commercial,Organic
scuole varese,55,55,210,25,0.00,https://www.cercascuole.it/scuole-a-Varese.php,0,0,0.00,0.04,5740000,"[5,5,7,4,5,5,5,7,11,7,7,7]",2026-03-22,"Local pack, Video, Image, Related searches",commercial,Organic
scuole varese,98,98,210,25,0.00,https://www.cercascuole.it/scuole-a-Varese.php,0,0,0.00,0.04,5740000,"[5,5,7,4,5,5,5,7,11,7,7,7]",2026-03-22,"Local pack, Video, Image, Related searches",commercial,Organic
iskandinsky,19,19,70,25,0.00,https://www.cercascuole.it/Scuola_Secondaria_Di_Ii_Grado-Kandinsky-cod-MIRC04801G.php,0,0,0.00,0,824,"[66,52,9,9,19,33,52,33,23,52,42,42]",2026-03-01,"Knowledge panel, Sitelinks, Image, Related searches",navigational,Organic
matera scuole,35,35,90,,0.00,https://www.cercascuole.it/scuole-a-Matera.php,0,0,0.00,0,7530000,"[41,64,52,41,100,41,41,52,52,64,52,52]",2026-02-09,"Local pack, Video, Image, People also ask, Related searches",commercial,Organic
ic de amicis baracca,31,31,70,25,0.00,https://www.cercascuole.it/Istituto_Comprensivo-Na_-_I_c__Baracca-cod-NAIC819002.php,0,0,0.00,0,0,"[7,7,42,7,7,7,53,42,100,26,19,11]",2026-03-09,"Local pack, Video, Image, Related searches",commercial,Organic
scuole elementari asti,48,48,90,25,0.00,https://www.cercascuole.it/scuole-a-Asti.php,0,0,0.00,0,0,"[21,34,28,21,21,21,21,21,34,21,28,21]",2026-03-15,"Local pack, Video, Image, Related searches",commercial,Organic
scuole elementari asti,55,55,90,25,0.00,https://www.cercascuole.it/scuole-a-Asti.php,0,0,0.00,0,0,"[21,34,28,21,21,21,21,21,34,21,28,21]",2026-03-15,"Local pack, Video, Image, Related searches",commercial,Organic
scuole a trapani,45,45,90,20,0.00,https://www.cercascuole.it/scuole-a-Trapani.php,0,0,0.00,0,8270000,"[26,53,34,34,53,42,26,34,42,53,26,26]",2026-02-10,"Local pack, Video, Image, People also ask, Related searches",commercial,Organic
ic giacomo matteotti,60,60,140,26,0.00,https://www.cercascuole.it/Scuola_Dell_infanzia-Giacomo_Matteotti-cod-LTAA824038.php,0,0,0.00,0.05,174000,"[7,9,21,7,26,21,7,9,2,26,17,9]",2026-02-14,"Knowledge panel, Sitelinks, Video, Image, Related searches",navigational,Organic
scuole di foggia,75,75,140,20,0.00,https://www.cercascuole.it/scuole-a-Foggia.php,0,0,0.00,0,25900000,"[18,23,44,18,23,23,23,28,23,23,28,18]",2026-04-03,"Local pack, Video, Image, Related searches",commercial,Organic
istituto comprensivo cantù 2,31,31,590,27,0.00,https://www.cercascuole.it/Scuola_Primaria-I_c__Cantu_2-cod-COEE838047.php,0,0,0.00,0,18100,"[20,24,20,24,20,24,8,11,4,30,20,24]",2026-03-01,"Knowledge panel, Sitelinks, Video, Related searches",navigational,Organic
istituto comprensivo civitavecchia 1,55,55,720,15,0.00,https://www.cercascuole.it/Istituto_Comprensivo-Civitavecchia_-_G__Manzi-cod-RMIC850001.php,0,0,0.00,0,51900,"[24,36,27,27,20,27,20,4,7,24,24,20]",2026-03-01,"Knowledge panel, People also ask, Related searches",navigational,Organic
ic staglieno,16,16,320,30,0.00,https://www.cercascuole.it/Istituto_Comprensivo-I_c__Staglieno-cod-GEIC824006.php,0,0,0.00,0,0,"[20,13,11,11,13,16,16,13,46,16,11,8]",2026-03-07,"Knowledge panel, Sitelinks, Related searches",navigational,Organic
ic staglieno,18,18,320,30,0.00,https://www.cercascuole.it/Istituto_Comprensivo-I_c__Staglieno-cod-GEIC824006.php,0,0,0.00,0,0,"[20,13,11,11,13,16,16,13,46,16,11,8]",2026-03-07,"Knowledge panel, Sitelinks, Related searches",navigational,Organic
istituto comprensivo zona leda aprilia,21,21,110,25,0.00,https://www.cercascuole.it/Scuola_Secondaria_Di_Ii_Grado-I_c__Zona_Leda_Aprilia-cod-LTAA831008.php,0,0,0.00,0.01,123,"[22,35,22,18,22,18,6,14,22,22,22,18]",2026-03-22,"Knowledge panel, Sitelinks, Video, People also ask, Related searches","informational, navigational",Organic
scuole reggio emilia,84,84,140,18,0.00,https://www.cercascuole.it/scuole-a-Reggio_Emilia.php,0,0,0.00,0,4360000,"[9,14,14,14,11,9,11,14,11,21,17,17]",2026-03-01,"Knowledge panel, Image pack, Video, Image, People also ask, Related searches",informational,Organic
pavia scuole,87,87,210,19,0.00,https://www.cercascuole.it/scuole-a-Pavia.php,0,0,0.00,0.01,135,"[6,24,13,13,30,30,30,0,10,6,6,6]",2026-03-24,"Local pack, Video, Image, People also ask, Related searches",commercial,Organic
